ID,Traffic Volume Count Location Address,Street,Date of Count,Total Passing Vehicle Volume,Vehicle Volume By Each Direction of Traffic,Latitude,Longitude,Location
227,5038 South,Loomis St,03/23/2006,"2,000",North Bound: 1000 / South Bound: 1000,41.80202,-87.659934,"(41.80202°, -87.659934°)"
526,662 West,Belmont Ave,10/16/2006,"20,800",East Bound: 10000 / West Bound: 10800,41.940016,-87.646727,"(41.940016°, -87.646727°)"
"1,306",2209 West,103rd St,08/22/2006,"19,000",East Bound: 9300 / West Bound: 9700,41.706445,-87.677175,"(41.706445°, -87.677175°)"
"1,350",443 South,Federal St,09/21/2006,"2,000",North Bound: 700 / South Bound: 1300,41.875841,-87.629701,"(41.875841°, -87.629701°)"
"1,203",4310 South,Cicero Ave,10/23/2006,"67,200",North Bound: 33600 / South Bound: 33600,41.814595,-87.743349,"(41.814595°, -87.743349°)"
241,7724 South,Racine Ave,03/28/2006,"10,700",North Bound: 5100 / South Bound: 5600,41.753377,-87.653813,"(41.753377°, -87.653813°)"
208,948 West,95th Street,03/22/2006,"29,100",East Bound: 14900 / West Bound: 14200,41.721409,-87.647429,"(41.721409°, -87.647429°)"
"1,128",646 North,Michigan Ave,10/25/2006,"42,200",North Bound: 21200 / South Bound: 21000,41.893982,-87.624231,"(41.893982°, -87.624231°)"
882,7102 West,Grand Ave,11/15/2006,"19,200",East Bound: 8900 / West Bound: 10300,41.923538,-87.802753,"(41.923538°, -87.802753°)"
674,4034 North,Ashland Ave,08/29/2006,"33,400",North Bound: 15700 / South Bound: 17700,41.955361,-87.669076,"(41.955361°, -87.669076°)"
937,3842 West,Irving Park Rd,08/02/2006,"46,500",East Bound: 23600 / West Bound: 22900,41.953695,-87.724462,"(41.953695°, -87.724462°)"
"1,316",10216 South,Pulaski Rd,08/22/2006,"34,000",North Bound: 16800 / South Bound: 17200,41.707206,-87.720975,"(41.707206°, -87.720975°)"
972,4113 North,Damen Ave,08/29/2006,"12,500",North Bound: 6300 / South Bound: 6200,41.956405,-87.678823,"(41.956405°, -87.678823°)"
543,239 South,Dearborn St,09/20/2006,"17,900",North Bound: 17900 / / Oneway North Bound,41.878484,-87.629312,"(41.878484°, -87.629312°)"
202,920 East,87th Street,03/23/2006,"19,400",East Bound: 9600 / West Bound: 9800,41.736694,-87.601489,"(41.736694°, -87.601489°)"
"1,230",3393 South,Archer Ave,08/17/2006,"19,200",East Bound: 9400 / West Bound: 9800,41.832267,-87.674585,"(41.832267°, -87.674585°)"
44,7669 South,Exchange Ave,03/07/2006,"8,300",North Bound: 3900 / South Bound: 4400,41.755798,-87.55646,"(41.755798°, -87.55646°)"
409,1125 North,Cicero Ave,10/16/2006,"37,800",North Bound: 18700 / South Bound: 19100,41.90128,-87.745946,"(41.90128°, -87.745946°)"
666,3654 North,Halsted St,10/18/2006,"16,100",North Bound: 7800 / South Bound: 8300,41.948965,-87.649538,"(41.948965°, -87.649538°)"
689,7477 North,Clark St,08/23/2006,"19,900",North Bound: 9700 / South Bound: 10200,42.017888,-87.67569,"(42.017888°, -87.67569°)"
247,943 West,31st St,03/30/2006,"10,000",East Bound: 4800 / West Bound: 5200,41.837991,-87.650405,"(41.837991°, -87.650405°)"
"1,198",6607 West,Archer Ave,09/12/2006,"41,600",East Bound: 21500 / West Bound: 20100,41.792242,-87.78702,"(41.792242°, -87.78702°)"
755,9233 South,Commercial Ave,10/18/2006,"14,500",North Bound: 7500 / South Bound: 7000,41.727211,-87.551189,"(41.727211°, -87.551189°)"
428,2900 West,26th St,10/16/2006,"13,700",East Bound: 2600 / West Bound: 11100,41.844657,-87.697733,"(41.844657°, -87.697733°)"
615,2157 South,Damen Ave,08/17/2006,"24,700",North Bound: 12800 / South Bound: 11900,41.852275,-87.675844,"(41.852275°, -87.675844°)"
791,465 North,Desplaines St,10/02/2006,"4,500",North Bound: 2000 / South Bound: 2500,41.891012,-87.644365,"(41.891012°, -87.644365°)"
561,4040 West,Ogden St,11/15/2006,"20,500",East Bound: 10200 / West Bound: 10300,41.850584,-87.726087,"(41.850584°, -87.726087°)"
930,4632 West,Diversey Ave,08/10/2006,"23,000",East Bound: 11700 / West Bound: 11300,41.931576,-87.743265,"(41.931576°, -87.743265°)"
481,4733 West,Lake St,10/19/2006,"16,100",East Bound: 6600 / West Bound: 9500,41.886549,-87.744388,"(41.886549°, -87.744388°)"
639,2855 North,Ashland Ave,08/29/2006,"37,400",North Bound: 19300 / South Bound: 18100,41.934063,-87.668456,"(41.934063°, -87.668456°)"
746,176 North,Wells St,09/19/2006,"10,600",South Bound: 10600/ Oneway South Bound,41.885249,-87.633916,"(41.885249°, -87.633916°)"
274,718 East,51st St,04/27/2006,"9,100",East Bound: 4200 / West Bound: 4900,41.80222,-87.608065,"(41.80222°, -87.608065°)"
997,2228 North,Southport Ave,10/17/2006,"8,700",North Bound: 4400 / South Bound: 4300,41.92249,-87.663226,"(41.92249°, -87.663226°)"
846,2249 West,Montrose Ave,11/14/2006,"16,400",East Bound: 8000 / West Bound: 8400,41.961351,-87.68578,"(41.961351°, -87.68578°)"
"1,092",315 West,Garfield Blvd,10/19/2006,"36,700",East Bound: 19500 / West Bound: 17200,41.794149,-87.633657,"(41.794149°, -87.633657°)"
342,651 South,Jefferson St,04/26/2006,"6,400",North Bound: 6400 / / Oneway North Bound,41.873569,-87.642397,"(41.873569°, -87.642397°)"
878,6747 West,Foster Ave,08/22/2006,"14,300",East Bound: 7400 / West Bound: 6900,41.975575,-87.797008,"(41.975575°, -87.797008°)"
283,609 West,59th St,04/27/2006,"14,700",East Bound: 6900 / West Bound: 7800,41.787062,-87.640752,"(41.787062°, -87.640752°)"
527,624 West,Division St,09/21/2006,"22,100",East Bound: 11300 / West Bound: 10800,41.903698,-87.644273,"(41.903698°, -87.644273°)"
"1,004",1031 South,Austin Ave,10/26/2006,"26,100",North Bound: 12800 / South Bound: 13300,41.868169,-87.774229,"(41.868169°, -87.774229°)"
"1,314",1500 West,95th St,08/24/2006,"34,300",East Bound: 16200 / West Bound: 18100,41.721244,-87.660284,"(41.721244°, -87.660284°)"
638,2851 North,Southport Ave,10/16/2006,"8,600",North Bound: 4400 / South Bound: 4200,41.934004,-87.663612,"(41.934004°, -87.663612°)"
287,2358 South,Blue Island Ave,03/30/2006,"13,400",North Bound: 6700 / South Bound: 6700,41.849394,-87.673525,"(41.849394°, -87.673525°)"
"1,158",444 North,Wabash Ave,09/19/2006,"8,800",North Bound: 2800 / South Bound: 6000,41.890636,-87.626681,"(41.890636°, -87.626681°)"
"1,069",670 South,Clark St,09/20/2006,"20,400",North Bound: 9100 / South Bound: 11300,41.873368,-87.630642,"(41.873368°, -87.630642°)"
"1,171",2505 South,Central Park Ave,09/14/2006,"10,300",North Bound: 4500 / South Bound: 5800,41.846067,-87.714837,"(41.846067°, -87.714837°)"
706,210 North,Halsted St,10/02/2006,"20,300",North Bound: 9400 / South Bound: 10900,41.886044,-87.647485,"(41.886044°, -87.647485°)"
"1,062",64 North,Central Park Ave,10/12/2006,"12,500",North Bound: 5700 / South Bound: 6800,41.879533,-87.715851,"(41.879533°, -87.715851°)"
307,7230 South,Morgan St,03/09/2006,"3,600",North Bound: 1600 / South Bound: 2000,41.762368,-87.649192,"(41.762368°, -87.649192°)"
894,3400 North,Laramie Ave,10/23/2006,"15,900",North Bound: 8200 / South Bound: 7700,41.942383,-87.756806,"(41.942383°, -87.756806°)"
"1,291",11356 South,Wentworth Ave,08/29/2006,"5,300",North Bound: 2600 / South Bound: 2700,41.687214,-87.627744,"(41.687214°, -87.627744°)"
804,22 West,Congress Pkwy,09/27/2006,"62,700",East Bound: 29900 / West Bound: 32800,41.875633,-87.628433,"(41.875633°, -87.628433°)"
940,3630 North,Kimball Ave,10/09/2006,"19,600",North Bound: 9600 / South Bound: 10000,41.94751,-87.71274,"(41.94751°, -87.71274°)"
"1,166",2550 West,31st St,10/11/2006,"14,900",East Bound: 7000 / West Bound: 7900,41.838156,-87.689438,"(41.838156°, -87.689438°)"
"1,056",320 South,Ashland Ave,08/31/2006,"35,700",North Bound: 19100 / South Bound: 16600,41.876934,-87.666676,"(41.876934°, -87.666676°)"
563,4301 West,Diversey Ave,08/10/2006,"18,700",East Bound: 9700 / West Bound: 9000,41.931692,-87.734385,"(41.931692°, -87.734385°)"
806,1 West,Grand Ave,09/21/2006,"18,800",West Bound: 18800/ Oneway West Bound,41.891671,-87.628113,"(41.891671°, -87.628113°)"
39,5450 South,Dr Martin Luther King Jr Dr,02/28/2006,"11,800",North Bound: 5600 / South Bound: 6200,41.795094,-87.615989,"(41.795094°, -87.615989°)"
462,30 East,Monroe St,09/19/2006,"13,000",East Bound: 13000 / / Oneway East Bound,41.880775,-87.626654,"(41.880775°, -87.626654°)"
296,120 East,Cermak Rd,05/02/2006,"15,800",East Bound: 6300 / West Bound: 9500,41.852881,-87.622835,"(41.852881°, -87.622835°)"
"1,263",8121 South,Jeffery Ave,09/06/2006,"19,500",North Bound: 9500 / South Bound: 10000,41.747333,-87.575907,"(41.747333°, -87.575907°)"
"1,012",3935 West,Washington St,11/15/2006,"16,300",East Bound: 8300 / West Bound: 8000,41.881907,-87.724652,"(41.881907°, -87.724652°)"
86,7539 South,State St,03/28/2006,"12,500",North Bound: 12500 / / Oneway North Bound,41.757046,-87.624736,"(41.757046°, -87.624736°)"
"1,212",3837 West,Lake St,10/19/2006,"13,100",East Bound: 5700 / West Bound: 7400,41.88529,-87.722446,"(41.88529°, -87.722446°)"
499,1880 West,Adams St,10/05/2006,"3,500",West Bound: 3500/ Oneway West Bound,41.87878,-87.674129,"(41.87878°, -87.674129°)"
"1,027",5212 West,Harrison St,11/15/2006,"6,500",East Bound: 3300 / West Bound: 3200,41.872939,-87.755447,"(41.872939°, -87.755447°)"
414,5838 West,Lake St,11/14/2006,"7,100",East Bound: 3600 / West Bound: 3500,41.887904,-87.771064,"(41.887904°, -87.771064°)"
284,124 West,59th Street,03/28/2006,"8,900",East Bound: 4100 / West Bound: 4800,41.787305,-87.628708,"(41.787305°, -87.628708°)"
737,633 North,Wells St,09/20/2006,"9,400",South Bound: 9400/ Oneway South Bound,41.89337,-87.634114,"(41.89337°, -87.634114°)"
"1,305",3235 West,103rd St,10/24/2006,"31,800",East Bound: 14200 / West Bound: 17600,41.706174,-87.702769,"(41.706174°, -87.702769°)"
"1,253",428 East,47th St,10/24/2006,"14,200",East Bound: 7100 / West Bound: 7100,41.809405,-87.615129,"(41.809405°, -87.615129°)"
358,682 South,Des Plaines St,10/03/2006,"6,300",South Bound: 6300/ Oneway South Bound,41.873531,-87.643862,"(41.873531°, -87.643862°)"
"1,085",77 South,Dearborn St,09/19/2006,"18,500",North Bound: 18500 / / Oneway North Bound,41.880734,-87.629368,"(41.880734°, -87.629368°)"
"1,146",270 North,Sacramento Ave,10/09/2006,"20,500",North Bound: 10500 / South Bound: 10000,41.886224,-87.70135,"(41.886224°, -87.70135°)"
"1,154",806 North,State St,09/21/2006,"21,100",North Bound: 9900 / South Bound: 11200,41.896924,-87.628206,"(41.896924°, -87.628206°)"
774,3531 North,Broadway,10/16/2006,"14,700",North Bound: 6200 / South Bound: 8500,41.946355,-87.646666,"(41.946355°, -87.646666°)"
817,6431 West,63rd St,10/11/2006,"18,200",East Bound: 9100 / West Bound: 9100,41.777656,-87.782528,"(41.777656°, -87.782528°)"
334,2380 West,Harrison St,03/28/2006,"5,300",East Bound: 2400 / West Bound: 2900,41.87389,-87.686234,"(41.87389°, -87.686234°)"
904,2890 North,Narragansett Ave,10/26/2006,"24,900",North Bound: 10100 / South Bound: 14800,41.932832,-87.785749,"(41.932832°, -87.785749°)"
233,1031 South,Racine Ave,03/30/2006,"10,700",North Bound: 6400 / South Bound: 4300,41.86852,-87.656729,"(41.86852°, -87.656729°)"
"1,156",839 West,Van Buren St,09/19/2006,"10,500",East Bound: 3000 / West Bound: 7500,41.87665,-87.648742,"(41.87665°, -87.648742°)"
"1,362",222 East,South Water Upper Ave,09/26/2006,"5,800",East Bound: 3300 / West Bound: 2500,41.886919,-87.621577,"(41.886919°, -87.621577°)"
799,3110 South,California Ave,08/17/2006,"30,800",North Bound: 15900 / South Bound: 14900,41.836927,-87.695017,"(41.836927°, -87.695017°)"
719,5205 North,Nagle Ave,08/22/2006,"18,300",North Bound: 9400 / South Bound: 8900,41.975916,-87.787866,"(41.975916°, -87.787866°)"
"1,261",6650 South,Jeffery Ave,09/06/2006,"29,200",North Bound: 14600 / South Bound: 14600,41.774091,-87.57604,"(41.774091°, -87.57604°)"
421,13101 South,Brainard Ave,11/08/2006,"16,200",North Bound: 8000 / South Bound: 8200,41.65732,-87.557177,"(41.65732°, -87.557177°)"
682,5217 North,Elston Ave,08/10/2006,"18,200",North Bound: 9400 / South Bound: 8800,41.975635,-87.752372,"(41.975635°, -87.752372°)"
"1,251",505 East,Pershing Rd,10/11/2006,"12,400",East Bound: 6000 / West Bound: 6400,41.82387,-87.614241,"(41.82387°, -87.614241°)"
239,6710 South,Racine Ave,03/23/2006,"11,300",North Bound: 5400 / South Bound: 5900,41.772,-87.654299,"(41.772°, -87.654299°)"
"1,242",1450 West,Pershing Rd,10/11/2006,"23,300",East Bound: 11200 / West Bound: 12100,41.823185,-87.662505,"(41.823185°, -87.662505°)"
132,3225 South,Western Ave,03/22/2006,"35,300",North Bound: 18100 / South Bound: 17200,41.834882,-87.684561,"(41.834882°, -87.684561°)"
"1,174",4550 West,Cermak Rd,09/12/2006,"24,000",East Bound: 12200 / West Bound: 11800,41.851353,-87.738835,"(41.851353°, -87.738835°)"
337,1519 West,Harrison St,04/26/2006,"8,800",East Bound: 4400 / West Bound: 4400,41.874199,-87.665037,"(41.874199°, -87.665037°)"
485,8318 West,Addison St,08/14/2006,"11,100",East Bound: 5400 / West Bound: 5700,41.944804,-87.834785,"(41.944804°, -87.834785°)"
465,27 West,Washington St,09/26/2006,"14,300",East Bound: 14300 / / Oneway East Bound,41.883215,-87.628926,"(41.883215°, -87.628926°)"
411,1055 North,Central Ave,11/13/2006,"22,700",North Bound: 10700 / South Bound: 12000,41.900144,-87.765583,"(41.900144°, -87.765583°)"
"1,107",6135 South,Indiana Ave,10/11/2006,"4,200",North Bound: 4200 / / Oneway North Bound,41.782759,-87.620541,"(41.782759°, -87.620541°)"
"1,205",7700 South,Cicero Ave,10/30/2006,"59,100",North Bound: 28800 / South Bound: 30300,41.752545,-87.741477,"(41.752545°, -87.741477°)"
513,3914 West,Division St,11/13/2006,"16,900",East Bound: 8000 / West Bound: 8900,41.902686,-87.724565,"(41.902686°, -87.724565°)"
752,10347 South,Cottage Grove Ave,10/04/2006,"13,700",North Bound: 7400 / South Bound: 6300,41.706017,-87.606829,"(41.706017°, -87.606829°)"
"1,066",1020 West,Chicago Ave,10/18/2006,"25,500",East Bound: 13200 / West Bound: 12300,41.896292,-87.653604,"(41.896292°, -87.653604°)"
"1,089",420 West,Division St,09/21/2006,"32,700",East Bound: 16500 / West Bound: 16200,41.903778,-87.639261,"(41.903778°, -87.639261°)"
390,11867 South,Vincennes Ave,08/23/2006,"7,000",North Bound: 3300 / South Bound: 3700,41.677875,-87.671582,"(41.677875°, -87.671582°)"
"1,307",1242 West,103rd St,08/24/2006,"16,900",East Bound: 8300 / West Bound: 8600,41.706811,-87.654128,"(41.706811°, -87.654128°)"
869,7729 West,Devon Ave,08/15/2006,"19,300",East Bound: 10000 / West Bound: 9300,41.996885,-87.8202,"(41.996885°, -87.8202°)"
333,3319 West,Harrison St,03/28/2006,"2,300",East Bound: 2300 / / Oneway East Bound,41.873649,-87.709133,"(41.873649°, -87.709133°)"
"1,218",4201 South,Pulaski Rd,08/15/2006,"56,700",North Bound: 30700 / South Bound: 26000,41.816892,-87.723904,"(41.816892°, -87.723904°)"
484,2293 North,Clybourn Ave,10/24/2006,"16,400",North Bound: 7800 / South Bound: 8600,41.923528,-87.667066,"(41.923528°, -87.667066°)"
829,3447 West,Foster Ave,08/15/2006,"27,500",East Bound: 13400 / West Bound: 14100,41.97567,-87.715464,"(41.97567°, -87.715464°)"
787,750 North,Central Park Ave,10/12/2006,"10,300",North Bound: 5200 / South Bound: 5100,41.895238,-87.716306,"(41.895238°, -87.716306°)"
246,118 West,18th St,04/25/2006,"3,800",East Bound: 1900 / West Bound: 1900,41.85789,-87.622993,"(41.85789°, -87.622993°)"
"1,077",843 South,Columbus Dr,09/19/2006,"37,000",North Bound: 18700 / South Bound: 18300,41.87138,-87.620556,"(41.87138°, -87.620556°)"
"1,364",133 East,Wacker Lower Dr,09/19/2006,"34,200",East Bound: 14100 / West Bound: 20100,41.888302,-87.623405,"(41.888302°, -87.623405°)"
803,1527 West,Irving Park Rd,08/29/2006,"29,800",East Bound: 15900 / West Bound: 13900,41.954295,-87.668734,"(41.954295°, -87.668734°)"
370,1040 South,Wells St,05/11/2006,"4,200",North Bound: 2000 / South Bound: 2200,41.869272,-87.633488,"(41.869272°, -87.633488°)"
825,2432 West,Irving Park Rd,08/30/2006,"42,100",East Bound: 22300 / West Bound: 19800,41.954006,-87.689792,"(41.954006°, -87.689792°)"
52,3420 South,Indiana Ave,05/02/2006,"7,400",North Bound: 7400 / / Oneway North Bound,41.832167,-87.621788,"(41.832167°, -87.621788°)"
576,49 South,Jefferson St,10/02/2006,"9,100",North Bound: 9100 / / Oneway North Bound,41.880549,-87.642619,"(41.880549°, -87.642619°)"
424,618 West,Addison St,08/15/2006,"11,600",East Bound: 6100 / West Bound: 5500,41.9477,-87.646232,"(41.9477°, -87.646232°)"
694,6516 North,Harlem Ave,08/16/2006,"31,800",North Bound: 15400 / South Bound: 16400,41.999165,-87.806776,"(41.999165°, -87.806776°)"
925,2027 North,California Ave,10/09/2006,"16,100",North Bound: 8600 / South Bound: 7500,41.918317,-87.697223,"(41.918317°, -87.697223°)"
389,11600 South,Halsted St,08/31/2006,"30,300",North Bound: 16100 / South Bound: 14200,41.682968,-87.642082,"(41.682968°, -87.642082°)"
"1,104",626 North,Homan Ave,09/27/2006,"10,700",North Bound: 5300 / South Bound: 5400,41.892668,-87.71135,"(41.892668°, -87.71135°)"
559,4631 West,Harrison St,10/18/2006,"11,500",East Bound: 7600 / West Bound: 3900,41.873224,-87.741379,"(41.873224°, -87.741379°)"
885,3731 North,Harlem Ave,10/25/2006,"32,100",North Bound: 17500 / South Bound: 14600,41.94802,-87.807101,"(41.94802°, -87.807101°)"
187,2726 East,79th St,03/28/2006,"11,400",East Bound: 5100 / West Bound: 6300,41.751849,-87.557322,"(41.751849°, -87.557322°)"
560,4224 West,31st St,11/15/2006,"20,500",East Bound: 9900 / West Bound: 10600,41.836814,-87.730379,"(41.836814°, -87.730379°)"
"1,344",430 South,Wacker Dr (lower),09/19/2006,"32,000",North Bound: 14700 / South Bound: 17300,41.876142,-87.636377,"(41.876142°, -87.636377°)"
923,5417 North,California Ave,08/15/2006,"12,800",North Bound: 6400 / South Bound: 6400,41.980023,-87.699055,"(41.980023°, -87.699055°)"
"1,106",2128 South,Indiana Ave,10/17/2006,"11,200",North Bound: 6600 / South Bound: 4600,41.853372,-87.622268,"(41.853372°, -87.622268°)"
"1,367",1730 East,57th Dr,08/24/2006,"53,500",East Bound: 27800 / West Bound: 25700,41.792663,-87.582231,"(41.792663°, -87.582231°)"
535,3252 West,31st St,09/14/2006,"20,600",East Bound: 9100 / West Bound: 11500,41.837188,-87.706989,"(41.837188°, -87.706989°)"
679,4853 North,Nagle Ave,08/22/2006,"22,700",North Bound: 11300 / South Bound: 11400,41.970016,-87.787986,"(41.970016°, -87.787986°)"
"1,169",2444 South,Blue Island Ave,08/17/2006,"22,100",East Bound: 10300 / West Bound: 11800,41.847901,-87.677408,"(41.847901°, -87.677408°)"
"1,252",723 East,43rd St,10/12/2006,"7,600",East Bound: 3900 / West Bound: 3700,41.816788,-87.608238,"(41.816788°, -87.608238°)"
771,2739 North,Pulaski Rd,11/14/2006,"26,500",North Bound: 12600 / South Bound: 13900,41.931151,-87.726959,"(41.931151°, -87.726959°)"
19,6820 South,Cottage Grove Ave,02/01/2006,"21,700",North Bound: 10300 / South Bound: 11400,41.770685,-87.605711,"(41.770685°, -87.605711°)"
243,2263 West,18th Street,03/30/2006,"6,700",East Bound: 3200 / West Bound: 3500,41.857573,-87.683337,"(41.857573°, -87.683337°)"
311,750 East,Pershing Rd,04/25/2006,"9,800",East Bound: 4600 / West Bound: 5200,41.823948,-87.607812,"(41.823948°, -87.607812°)"
"1,259",3836 South,Cottage Grove Ave,10/17/2006,"11,100",North Bound: 5600 / South Bound: 5500,41.825153,-87.607512,"(41.825153°, -87.607512°)"
"1,074",168 North,Clinton St,01/30/2007,"6,900",South Bound: 6900/ Oneway South Bound,41.8852,-87.641298,"(41.8852°, -87.641298°)"
"1,039",3300 West,Roosevelt Rd,10/19/2006,"20,300",East Bound: 9000 / West Bound: 11300,41.866377,-87.708143,"(41.866377°, -87.708143°)"
589,8220 South,Kedzie Ave,08/15/2006,"21,300",North Bound: 10600 / South Bound: 10700,41.743683,-87.702226,"(41.743683°, -87.702226°)"
881,5835 West,Fullerton Ave,08/17/2006,"37,100",East Bound: 18400 / West Bound: 18700,41.923882,-87.77227,"(41.923882°, -87.77227°)"
532,537 South,Dearborn St,09/19/2006,"11,500",North Bound: 11500 / / Oneway North Bound,41.874957,-87.629219,"(41.874957°, -87.629219°)"
509,1926 West,Grand Ave,10/23/2006,"19,600",East Bound: 9700 / West Bound: 9900,41.890846,-87.675563,"(41.890846°, -87.675563°)"
623,1629 North,Ashland Ave,08/31/2006,"30,700",North Bound: 14100 / South Bound: 16600,41.911509,-87.667716,"(41.911509°, -87.667716°)"
490,2314 West,Peterson Ave,08/22/2006,"44,000",East Bound: 22900 / West Bound: 21100,41.990529,-87.687864,"(41.990529°, -87.687864°)"
"1,117",37 South,La Salle St,09/21/2006,"16,200",North Bound: 8500 / South Bound: 7700,41.880972,-87.632336,"(41.880972°, -87.632336°)"
768,2300 North,Racine Ave,10/26/2006,"13,000",North Bound: 7500 / South Bound: 5500,41.92351,-87.658394,"(41.92351°, -87.658394°)"
153,1620 West,99th Street,03/21/2006,"11,300",East Bound: 4200 / West Bound: 7100,41.713939,-87.664213,"(41.713939°, -87.664213°)"
"1,262",7245 South,Jeffery Ave,09/06/2006,"25,900",North Bound: 13100 / South Bound: 12800,41.763008,-87.576233,"(41.763008°, -87.576233°)"
345,188 West,Polk St,05/02/2006,"8,900",East Bound: 5100 / West Bound: 3800,41.872155,-87.633321,"(41.872155°, -87.633321°)"
"1,006",643 North,Central Ave,10/18/2006,"24,800",North Bound: 10400 / South Bound: 14400,41.892407,-87.765299,"(41.892407°, -87.765299°)"
"1,130",660 North,Ogden Ave,10/17/2006,"20,900",North Bound: 7000 / South Bound: 13900,41.894073,-87.656489,"(41.894073°, -87.656489°)"
628,1646 North,Laramie Ave,11/13/2006,"13,200",North Bound: 6700 / South Bound: 6500,41.91094,-87.755711,"(41.91094°, -87.755711°)"
"1,058",1824 West,Augusta Blvd,10/18/2006,"18,900",East Bound: 9700 / West Bound: 9200,41.899615,-87.67336,"(41.899615°, -87.67336°)"
379,4624 South,Woodlawn Ave,05/02/2006,"3,000",North Bound: 1500 / South Bound: 1500,41.810689,-87.596855,"(41.810689°, -87.596855°)"
633,2435 North,Ashland Ave,08/29/2006,"40,200",North Bound: 19800 / South Bound: 20400,41.926152,-87.668181,"(41.926152°, -87.668181°)"
118,6020 South,Halsted St,03/21/2006,"13,200",North Bound: 6900 / South Bound: 6300,41.78453,-87.644905,"(41.78453°, -87.644905°)"
"1,221",3636 South,Western Ave,10/26/2006,"32,200",North Bound: 15600 / South Bound: 16600,41.827315,-87.684942,"(41.827315°, -87.684942°)"
"1,250",440 East,31st St,10/12/2006,"16,600",East Bound: 8200 / West Bound: 8400,41.838445,-87.615498,"(41.838445°, -87.615498°)"
288,1623 South,Blue Island Ave,03/30/2006,"5,200",North Bound: 2100 / South Bound: 3100,41.859146,-87.660062,"(41.859146°, -87.660062°)"
426,5333 North,Sheridan Ave,10/12/2006,"12,500",North Bound: 6300 / South Bound: 6200,41.97914,-87.655026,"(41.97914°, -87.655026°)"
185,65 East,79th St,03/28/2006,"17,600",East Bound: 9400 / West Bound: 8200,41.750997,-87.621988,"(41.750997°, -87.621988°)"
42,9243 South,Dr Martin Luther King Jr Dr,02/28/2006,"15,500",North Bound: 7800 / South Bound: 7700,41.726239,-87.614254,"(41.726239°, -87.614254°)"
"1,310",3111 West,111th St,09/06/2006,"19,800",East Bound: 9800 / West Bound: 10000,41.691591,-87.698873,"(41.691591°, -87.698873°)"
891,7455 West,Higgins Ave,08/22/2006,"14,100",East Bound: 8000 / West Bound: 6100,41.982088,-87.813919,"(41.982088°, -87.813919°)"
"1,301",9608 South,Jeffery Ave,09/06/2006,"8,000",North Bound: 4500 / South Bound: 3500,41.720377,-87.575308,"(41.720377°, -87.575308°)"
322,1171 West,74th St,03/28/2006,"10,100",East Bound: 4900 / West Bound: 5200,41.759597,-87.653971,"(41.759597°, -87.653971°)"
730,1300 West,Washington St,11/14/2006,"5,900",East Bound: 5900 / / Oneway East Bound,41.882936,-87.659747,"(41.882936°, -87.659747°)"
626,1640 North,Pulaski Rd,11/01/2006,"19,300",North Bound: 10700 / South Bound: 8600,41.911129,-87.72637,"(41.911129°, -87.72637°)"
364,6400 South,Richards Dr,05/04/2006,"8,200",North Bound: 2900 / South Bound: 5300,41.778678,-87.579568,"(41.778678°, -87.579568°)"
599,6217 South,Ashland Ave,10/31/2006,"36,000",North Bound: 18300 / South Bound: 17700,41.780774,-87.664249,"(41.780774°, -87.664249°)"
"1,091",3454 West,Franklin St,10/19/2006,"5,000",East Bound: 2200 / West Bound: 2800,41.890003,-87.713444,"(41.890003°, -87.713444°)"
916,3308 West,Armitage Ave,08/09/2006,"18,200",East Bound: 10200 / West Bound: 8000,41.917357,-87.710662,"(41.917357°, -87.710662°)"
438,3543 West,North Ave,10/18/2006,"39,500",East Bound: 20200 / West Bound: 19300,41.910014,-87.713878,"(41.910014°, -87.713878°)"
314,412 West,Roosevelt Rd,04/25/2006,"41,300",East Bound: 19200 / West Bound: 22100,41.867266,-87.638052,"(41.867266°, -87.638052°)"
248,1139 West,31st St,03/30/2006,"8,200",East Bound: 4100 / West Bound: 4100,41.837927,-87.655,"(41.837927°, -87.655°)"
433,2439 West,43rd St,08/17/2006,"4,200",West Bound: 4200/ Oneway West Bound,41.81567,-87.686204,"(41.81567°, -87.686204°)"
173,1744 East,75th St,03/28/2006,"13,100",East Bound: 6300 / West Bound: 6800,41.758814,-87.581651,"(41.758814°, -87.581651°)"
486,3845 West,Lawrence Ave,08/10/2006,"23,800",East Bound: 11500 / West Bound: 12300,41.968273,-87.724989,"(41.968273°, -87.724989°)"
924,3765 North,California Ave,11/16/2006,"13,500",North Bound: 6900 / South Bound: 6600,41.950326,-87.698137,"(41.950326°, -87.698137°)"
372,1760 West,Ogden Ave,05/09/2006,"20,100",East Bound: 9700 / West Bound: 10400,41.876773,-87.671635,"(41.876773°, -87.671635°)"
207,1222 West,95th Street,03/28/2006,"32,900",East Bound: 17200 / West Bound: 15700,41.721324,-87.653942,"(41.721324°, -87.653942°)"
"1,207",4464 North,Elston Ave,08/10/2006,"17,800",North Bound: 9600 / South Bound: 8200,41.962199,-87.73154,"(41.962199°, -87.73154°)"
581,5665 West,Bryn Mawr Ave,09/18/2006,"8,900",East Bound: 3800 / West Bound: 5100,41.98293,-87.77077,"(41.98293°, -87.77077°)"
522,6445 West,Grand Ave,10/23/2006,"14,800",East Bound: 7500 / West Bound: 7300,41.923102,-87.7871,"(41.923102°, -87.7871°)"
149,5640 South,Stony Island Ave,03/14/2006,"12,500",North Bound: 6600 / South Bound: 5900,41.792127,-87.586689,"(41.792127°, -87.586689°)"
32,5929 South,Damen Ave,03/09/2006,"14,900",North Bound: 7600 / South Bound: 7300,41.785746,-87.674075,"(41.785746°, -87.674075°)"
"1,365",7139 South,Stony Island Ave,08/24/2006,"81,100",North Bound: 46300 / South Bound: 34800,41.764923,-87.585887,"(41.764923°, -87.585887°)"
686,5725 North,Broadway,08/24/2006,"25,900",North Bound: 10900 / South Bound: 15000,41.986182,-87.660145,"(41.986182°, -87.660145°)"
741,4212 West,Armitage Ave,11/08/2006,"17,700",East Bound: 9200 / West Bound: 8500,41.917095,-87.732056,"(41.917095°, -87.732056°)"
558,3313 West,Lawrence Ave,08/16/2006,"21,000",East Bound: 9700 / West Bound: 11300,41.968422,-87.711419,"(41.968422°, -87.711419°)"
36,3030 South,Dr Martin Luther King Jr Dr,03/14/2006,"19,900",North Bound: 10000 / South Bound: 9900,41.838419,-87.617465,"(41.838419°, -87.617465°)"
299,5434 South,Hyde Park Blvd,04/27/2006,"7,400",North Bound: 3100 / South Bound: 4300,41.797123,-87.583995,"(41.797123°, -87.583995°)"
170,175 West,75th Street,03/28/2006,"17,600",East Bound: 7200 / West Bound: 10400,41.758155,-87.629625,"(41.758155°, -87.629625°)"
"1,286",10621 South,Halsted St,08/31/2006,"31,800",North Bound: 17400 / South Bound: 14400,41.700823,-87.642645,"(41.700823°, -87.642645°)"
"1,340",340 West,Adams St,09/20/2006,"14,300",West Bound: 14300/ Oneway West Bound,41.879353,-87.636437,"(41.879353°, -87.636437°)"
453,105 West,Congress Pkwy,09/27/2006,"76,700",East Bound: 37000 / West Bound: 39700,41.875606,-87.630878,"(41.875606°, -87.630878°)"
"1,173",3658 West,Cermak Rd,09/14/2006,"18,000",East Bound: 8900 / West Bound: 9100,41.851632,-87.717386,"(41.851632°, -87.717386°)"
135,6642 South,Western Ave,03/23/2006,"39,100",North Bound: 20500 / South Bound: 18600,41.77249,-87.683456,"(41.77249°, -87.683456°)"
743,180 North,Wabash Ave,11/07/2006,"8,200",South Bound: 8200/ Oneway South Bound,41.88535,-87.626269,"(41.88535°, -87.626269°)"
"1,300",9004 South,Jeffery Ave,09/06/2006,"19,300",North Bound: 9200 / South Bound: 10100,41.731433,-87.575581,"(41.731433°, -87.575581°)"
"1,228",1920 West,83rd St,10/04/2006,"13,900",East Bound: 7400 / West Bound: 6500,41.742964,-87.671446,"(41.742964°, -87.671446°)"
"1,020",1314 West,18th St,10/16/2006,"9,500",East Bound: 5000 / West Bound: 4500,41.857903,-87.659605,"(41.857903°, -87.659605°)"
"1,116",435 North,La Salle St,09/21/2006,"32,300",North Bound: 17700 / South Bound: 14600,41.890186,-87.632548,"(41.890186°, -87.632548°)"
376,742 West,Root St,05/09/2006,"3,200",East Bound: 1400 / West Bound: 1800,41.818962,-87.645802,"(41.818962°, -87.645802°)"
38,4358 South,Dr Martin Luther King Jr Dr,03/02/2006,"14,500",North Bound: 6600 / South Bound: 7900,41.814852,-87.616741,"(41.814852°, -87.616741°)"
898,5439 West,Lawrence Ave,08/24/2006,"20,800",East Bound: 10500 / West Bound: 10300,41.967757,-87.764167,"(41.967757°, -87.764167°)"
"1,167",3750 West,31st St,09/14/2006,"18,800",East Bound: 9000 / West Bound: 9800,41.836974,-87.719101,"(41.836974°, -87.719101°)"
326,271 East,Balbo Dr,04/26/2006,"12,400",East Bound: 4500 / West Bound: 7900,41.873213,-87.620591,"(41.873213°, -87.620591°)"
78,7732 South,South Shore Dr,03/09/2006,"16,400",North Bound: 8100 / South Bound: 8300,41.756313,-87.552698,"(41.756313°, -87.552698°)"
604,5411 South,Damen Ave,10/11/2006,"14,000",North Bound: 7900 / South Bound: 6100,41.795427,-87.674346,"(41.795427°, -87.674346°)"
318,140 East,26th St,03/28/2006,"7,800",East Bound: 3700 / West Bound: 4100,41.84566,-87.622137,"(41.84566°, -87.622137°)"
827,9463 West,Higgins Rd,08/16/2006,"32,100",East Bound: 16600 / West Bound: 15500,41.988761,-87.854842,"(41.988761°, -87.854842°)"
238,6240 South,Racine Ave,03/23/2006,"11,000",North Bound: 5300 / South Bound: 5700,41.780185,-87.654517,"(41.780185°, -87.654517°)"
664,3620 North,Lake Shore Inner Dr,09/18/2006,"18,900",North Bound: 6100 / South Bound: 12800,41.949054,-87.643703,"(41.949054°, -87.643703°)"
876,8500 West,Forest Preserve Ave,10/25/2006,"10,400",East Bound: 4200 / West Bound: 6200,41.939787,-87.837966,"(41.939787°, -87.837966°)"
"1,125",6129 South,Michigan Ave,09/20/2006,"5,200",South Bound: 5200/ Oneway South Bound,41.782937,-87.622164,"(41.782937°, -87.622164°)"
759,6335 South,Central Ave,09/12/2006,"15,700",North Bound: 7200 / South Bound: 8500,41.777058,-87.761684,"(41.777058°, -87.761684°)"
845,2950 West,83rd St,08/17/2006,"12,200",East Bound: 4700 / West Bound: 7500,41.742583,-87.696869,"(41.742583°, -87.696869°)"
189,1101 West,83rdStreet,03/28/2006,"15,100",East Bound: 7800 / West Bound: 7300,41.743249,-87.651157,"(41.743249°, -87.651157°)"
570,5831 North,California Ave,08/23/2006,"11,400",North Bound: 5400 / South Bound: 6000,41.987697,-87.699307,"(41.987697°, -87.699307°)"
618,1142 South,Sacramento Ave,10/10/2006,"20,000",North Bound: 10400 / South Bound: 9600,41.866927,-87.700802,"(41.866927°, -87.700802°)"
147,8216 South,Stony Island Ave,04/04/2007,"61,600",North Bound: 32800 / South Bound: 28800,41.745515,-87.585819,"(41.745515°, -87.585819°)"
121,8728 South,Halsted St,03/21/2006,"30,900",North Bound: 16500 / South Bound: 14400,41.735001,-87.643587,"(41.735001°, -87.643587°)"
991,929 West,North Ave,10/16/2006,"28,000",East Bound: 13600 / West Bound: 14400,41.910853,-87.652267,"(41.910853°, -87.652267°)"
701,267 North,Central Park Ave,11/13/2006,"8,800",North Bound: 4300 / South Bound: 4500,41.886115,-87.71603,"(41.886115°, -87.71603°)"
955,2257 West,Addison Ave,11/07/2006,"21,800",East Bound: 10800 / West Bound: 11000,41.946768,-87.6857,"(41.946768°, -87.6857°)"
"1,217",230 East,Ontario St,10/31/2006,"13,400",West Bound: 13400/ Oneway West Bound,41.893383,-87.621457,"(41.893383°, -87.621457°)"
764,1659 South,Homan Ave,09/14/2006,"5,100",North Bound: 3200 / South Bound: 1900,41.857335,-87.710287,"(41.857335°, -87.710287°)"
139,9933 South,Western Ave,03/23/2006,"35,700",North Bound: 17600 / South Bound: 18100,41.712676,-87.68181,"(41.712676°, -87.68181°)"
595,6750 South,Kedzie Ave,10/11/2006,"26,000",North Bound: 13800 / South Bound: 12200,41.770238,-87.702937,"(41.770238°, -87.702937°)"
229,6628 South,Loomis St,03/09/2006,"5,500",North Bound: 2500 / South Bound: 3000,41.773201,-87.659191,"(41.773201°, -87.659191°)"
"1,363",111 East,Wacker(upper) Dr,11/07/2006,"15,200",East Bound: 8500 / West Bound: 6700,41.888169,-87.62409,"(41.888169°, -87.62409°)"
"1,124",5446 South,Michigan Ave,10/11/2006,"10,800",South Bound: 10800/ Oneway South Bound,41.795074,-87.622477,"(41.795074°, -87.622477°)"
793,1526 North,Western Ave,10/02/2006,"39,400",North Bound: 19600 / South Bound: 19800,41.909315,-87.687195,"(41.909315°, -87.687195°)"
"1,264",4006 South,Dr Martin Luther King Jr Dr,10/16/2006,"19,400",North Bound: 9800 / South Bound: 9600,41.821807,-87.616942,"(41.821807°, -87.616942°)"
952,3915 West,Roosevelt Rd,10/19/2006,"23,900",East Bound: 11200 / West Bound: 12700,41.866196,-87.723436,"(41.866196°, -87.723436°)"
236,4411 South,Racine Ave,03/23/2006,"6,700",North Bound: 3400 / South Bound: 3300,41.813903,-87.655287,"(41.813903°, -87.655287°)"
33,6755 South,Damen Ave,03/02/2006,"16,600",North Bound: 7900 / South Bound: 8700,41.770409,-87.673671,"(41.770409°, -87.673671°)"
"1,150",3050 South,State St,10/18/2006,"23,100",North Bound: 11600 / South Bound: 11500,41.838301,-87.626773,"(41.838301°, -87.626773°)"
225,1359 South,Loomis St,03/22/2006,"4,200",North Bound: 2300 / South Bound: 1900,41.863965,-87.661484,"(41.863965°, -87.661484°)"
950,2032 North,Pulaski Rd,10/05/2006,"21,300",North Bound: 10800 / South Bound: 10500,41.918169,-87.72659,"(41.918169°, -87.72659°)"
113,2123 South,Clark St,03/15/2006,"12,800",North Bound: 7300 / South Bound: 5500,41.853467,-87.630093,"(41.853467°, -87.630093°)"
"1,333",290 North,Wells St,09/19/2006,"12,200",South Bound: 12200/ Oneway South Bound,41.886932,-87.633964,"(41.886932°, -87.633964°)"
430,2738 West,47th St,08/10/2006,"23,700",East Bound: 12000 / West Bound: 11700,41.808295,-87.693288,"(41.808295°, -87.693288°)"
234,1340 South,Racine Ave,03/22/2006,"5,400",North Bound: 2500 / South Bound: 2900,41.864029,-87.656597,"(41.864029°, -87.656597°)"
181,1344 West,79th Street,03/28/2006,"17,300",East Bound: 9500 / West Bound: 7800,41.750449,-87.657022,"(41.750449°, -87.657022°)"
355,1161 South,Columbus Dr,09/21/2006,"37,800",North Bound: 19600 / South Bound: 18200,41.867512,-87.620401,"(41.867512°, -87.620401°)"
209,305 West,95th Street,03/22/2006,"29,900",East Bound: 15600 / West Bound: 14300,41.721622,-87.631298,"(41.721622°, -87.631298°)"
240,7119 South,Racine Ave,03/28/2006,"11,100",North Bound: 5400 / South Bound: 5700,41.76448,-87.6541,"(41.76448°, -87.6541°)"
"1,222",469 West,26th St,10/19/2006,"9,300",East Bound: 4500 / West Bound: 4800,41.845422,-87.6394,"(41.845422°, -87.6394°)"
"1,361",140 East,South Water Lower St,09/26/2006,"10,600",East Bound: 6400 / West Bound: 4200,41.88673,-87.623929,"(41.88673°, -87.623929°)"
"1,293",3755 East,112th St,10/18/2006,"6,300",East Bound: 3500 / West Bound: 2800,41.69183,-87.531879,"(41.69183°, -87.531879°)"
709,640 North,Wabash Ave,09/19/2006,"7,400",South Bound: 7400/ Oneway South Bound,41.893693,-87.626772,"(41.893693°, -87.626772°)"
936,3056 West,Irving Park Rd,10/16/2006,"47,300",East Bound: 23400 / West Bound: 23900,41.953936,-87.70545,"(41.953936°, -87.70545°)"
105,7132 South,Ashland Ave,03/21/2006,"35,000",North Bound: 16500 / South Bound: 18500,41.763965,-87.663752,"(41.763965°, -87.663752°)"
"1,369",6441 South,Coast Guard Dr,09/20/2006,"53,400",North Bound: 28100 / South Bound: 25300,41.777523,-87.575589,"(41.777523°, -87.575589°)"
910,7252 West,Touhy Ave,08/15/2006,"25,200",East Bound: 13300 / West Bound: 11900,42.011663,-87.808726,"(42.011663°, -87.808726°)"
"1,021",3734 West,26th St,09/14/2006,"18,400",East Bound: 9000 / West Bound: 9400,41.844328,-87.718582,"(41.844328°, -87.718582°)"
340,754 West,Harrison St,04/26/2006,"11,000",East Bound: 5600 / West Bound: 5400,41.874327,-87.646119,"(41.874327°, -87.646119°)"
"1,025",5238 West,Division St,10/18/2006,"18,200",East Bound: 8400 / West Bound: 9800,41.90223,-87.75738,"(41.90223°, -87.75738°)"
357,637 South,Dearborn St,09/19/2006,"7,800",North Bound: 7800 / / Oneway North Bound,41.873925,-87.62919,"(41.873925°, -87.62919°)"
68,1255 South,Michigan Ave,03/02/2006,"20,600",North Bound: 11200 / South Bound: 9400,41.865924,-87.624115,"(41.865924°, -87.624115°)"
133,4028 South,Western Ave,03/14/2006,"25,600",North Bound: 12900 / South Bound: 12700,41.820278,-87.684745,"(41.820278°, -87.684745°)"
169,1733 East,67th St,03/28/2006,"10,300",East Bound: 4700 / West Bound: 5600,41.773376,-87.582603,"(41.773376°, -87.582603°)"
"1,292",646 West,103rd St,09/06/2006,"21,000",East Bound: 10900 / West Bound: 10100,41.706956,-87.639881,"(41.706956°, -87.639881°)"
16,5325 South,Cottage Grove Ave,02/01/2006,"13,700",North Bound: 7200 / South Bound: 6500,41.797881,-87.606302,"(41.797881°, -87.606302°)"
"1,295",3020 East,87th St,10/18/2006,"6,600",East Bound: 3200 / West Bound: 3400,41.73739,-87.550512,"(41.73739°, -87.550512°)"
388,11750 South,State St,08/31/2006,"7,800",North Bound: 4100 / South Bound: 3700,41.680056,-87.622723,"(41.680056°, -87.622723°)"
656,3628 North,Milwaukee Ave,08/23/2006,"14,400",North Bound: 6500 / South Bound: 7900,41.946769,-87.736449,"(41.946769°, -87.736449°)"
874,5140 North,East River Rd,08/16/2006,"22,500",North Bound: 11100 / South Bound: 11400,41.973131,-87.846512,"(41.973131°, -87.846512°)"
993,2519 North,Racine Ave,11/16/2006,"11,300",North Bound: 5700 / South Bound: 5600,41.927677,-87.65853,"(41.927677°, -87.65853°)"
"1,296",2014 East,87th St,09/06/2006,"15,300",East Bound: 7100 / West Bound: 8200,41.737064,-87.575072,"(41.737064°, -87.575072°)"
"1,219",5231 South,Pulaski Rd,08/15/2006,"60,400",North Bound: 33300 / South Bound: 27100,41.797723,-87.72329,"(41.797723°, -87.72329°)"
195,3045 East,83rd St,03/28/2006,"7,300",East Bound: 3800 / West Bound: 3500,41.744682,-87.549764,"(41.744682°, -87.549764°)"
518,161 East,Chicago Ave,10/03/2006,"18,100",East Bound: 9700 / West Bound: 8400,41.89675,-87.623095,"(41.89675°, -87.623095°)"
811,322 South,California Ave,10/10/2006,"13,100",North Bound: 6900 / South Bound: 6200,41.876736,-87.696174,"(41.876736°, -87.696174°)"
431,2703 West,Cermak Rd,09/14/2006,"14,200",East Bound: 7600 / West Bound: 6600,41.851933,-87.693114,"(41.851933°, -87.693114°)"
"1,190",3234 West,59th St,10/24/2006,"23,600",East Bound: 10100 / West Bound: 13500,41.786225,-87.704698,"(41.786225°, -87.704698°)"
"1,143",908 West,Randolph St,10/05/2006,"9,300",West Bound: 9300/ Oneway West Bound,41.884359,-87.650176,"(41.884359°, -87.650176°)"
449,1418 West,Bryn Mawr Ave,10/24/2006,"6,500",East Bound: 3600 / West Bound: 2900,41.983538,-87.665686,"(41.983538°, -87.665686°)"
533,513 South,Damen Ave,08/16/2006,"33,600",North Bound: 16200 / South Bound: 17400,41.874597,-87.676475,"(41.874597°, -87.676475°)"
"1,260",5834 South,Cottage Grove Ave,10/11/2006,"25,000",North Bound: 14200 / South Bound: 10800,41.788454,-87.606097,"(41.788454°, -87.606097°)"
92,9532 South,Wentworth Ave,03/08/2006,"4,900",North Bound: 2800 / South Bound: 2100,41.720659,-87.628638,"(41.720659°, -87.628638°)"
"1,370",7000 South,Jeffery Ave,09/06/2006,"24,700",North Bound: 11900 / South Bound: 12800,41.767951,-87.576347,"(41.767951°, -87.576347°)"
"1,017",1023 North,Western Ave,10/11/2006,"36,600",North Bound: 18700 / South Bound: 17900,41.900187,-87.686957,"(41.900187°, -87.686957°)"
489,3318 West,Peterson Ave,08/22/2006,"38,300",East Bound: 20300 / West Bound: 18000,41.990343,-87.71242,"(41.990343°, -87.71242°)"
554,3283 West,Wrightwood Ave,09/21/2006,"10,000",East Bound: 4500 / West Bound: 5500,41.928333,-87.710574,"(41.928333°, -87.710574°)"
28,3460 South,Damen Ave,03/02/2006,"8,100",North Bound: 3800 / South Bound: 4300,41.830389,-87.675279,"(41.830389°, -87.675279°)"
423,2851 North,Austin Ave,10/25/2006,"21,300",North Bound: 9100 / South Bound: 12200,41.93269,-87.776018,"(41.93269°, -87.776018°)"
220,7141 South,Chicago Ave,03/28/2006,"19,100",North Bound: 10000 / South Bound: 9100,41.764998,-87.60436,"(41.764998°, -87.60436°)"
373,2124 West,Ogden Ave,05/09/2006,"22,700",East Bound: 11900 / West Bound: 10800,41.869995,-87.679727,"(41.869995°, -87.679727°)"
725,6204 West,Irving Park Rd,08/24/2006,"31,000",East Bound: 14300 / West Bound: 16700,41.952978,-87.781878,"(41.952978°, -87.781878°)"
119,6722 South,Halsted St,03/21/2006,"13,500",North Bound: 7600 / South Bound: 5900,41.771775,-87.644579,"(41.771775°, -87.644579°)"
758,6336 South,Harlem Ave,09/12/2006,"58,100",North Bound: 29000 / South Bound: 29100,41.778426,-87.800934,"(41.778426°, -87.800934°)"
"1,189",5508 West,55th St,10/31/2006,"25,400",East Bound: 12200 / West Bound: 13200,41.792767,-87.76029,"(41.792767°, -87.76029°)"
810,408 South,Clark St,09/20/2006,"13,000",South Bound: 13000/ Oneway South Bound,41.876698,-87.630742,"(41.876698°, -87.630742°)"
"1,070",16 South,Clark St,09/27/2006,"15,500",South Bound: 15500/ Oneway South Bound,41.881592,-87.630875,"(41.881592°, -87.630875°)"
703,222 North,Kedzie Ave,10/09/2006,"14,500",North Bound: 7500 / South Bound: 7000,41.885154,-87.706241,"(41.885154°, -87.706241°)"
"1,082",1508 North,Damen Ave,08/16/2006,"16,300",North Bound: 8300 / South Bound: 8000,41.908546,-87.677409,"(41.908546°, -87.677409°)"
192,1240 East,83rd Street,03/23/2006,"15,600",East Bound: 7800 / West Bound: 7800,41.744106,-87.593706,"(41.744106°, -87.593706°)"
896,2426 North,Laramie Ave,10/23/2006,"15,900",North Bound: 8000 / South Bound: 7900,41.924963,-87.756176,"(41.924963°, -87.756176°)"
654,3255 North,Cicero Ave,10/11/2006,"40,600",North Bound: 20900 / South Bound: 19700,41.940497,-87.746913,"(41.940497°, -87.746913°)"
"1,287",12535 South,Halsted St,11/08/2006,"23,600",North Bound: 12500 / South Bound: 11100,41.665826,-87.641508,"(41.665826°, -87.641508°)"
685,5243 North,Broadway,08/24/2006,"25,000",North Bound: 12800 / South Bound: 12200,41.977627,-87.659904,"(41.977627°, -87.659904°)"
425,1050 West,Hollywood Ave,06/19/2007,"35,200",East Bound: 18200 / West Bound: 17000,41.985494,-87.657453,"(41.985494°, -87.657453°)"
407,1423 West,Lake St,10/19/2006,"9,700",East Bound: 5400 / West Bound: 4300,41.885403,-87.663033,"(41.885403°, -87.663033°)"
463,15 West,Madison St,10/03/2006,"11,500",West Bound: 11500/ Oneway West Bound,41.882024,-87.628403,"(41.882024°, -87.628403°)"
530,3900 West,31st St,09/14/2006,"20,100",East Bound: 9100 / West Bound: 11000,41.836923,-87.721956,"(41.836923°, -87.721956°)"
356,6100 South,Cornell Dr,10/26/2006,"43,000",North Bound: 23100 / South Bound: 19900,41.782388,-87.584573,"(41.782388°, -87.584573°)"
"1,341",380 West,Jackson Blvd,09/28/2006,"14,300",East Bound: 14300 / / Oneway East Bound,41.878068,-87.637659,"(41.878068°, -87.637659°)"
"1,288",11027 South,Dr Martin Luther King Jr Dr,08/31/2006,"8,900",North Bound: 4500 / South Bound: 4400,41.693802,-87.613403,"(41.693802°, -87.613403°)"
861,2459 North,Central Ave,10/26/2006,"25,000",North Bound: 11600 / South Bound: 13400,41.925775,-87.766054,"(41.925775°, -87.766054°)"
978,1434 West,Fullerton Ave,08/16/2006,"24,400",East Bound: 12100 / West Bound: 12300,41.925199,-87.664619,"(41.925199°, -87.664619°)"
521,2415 North,Pulaski Rd,10/05/2006,"25,000",North Bound: 13700 / South Bound: 11300,41.924943,-87.726783,"(41.924943°, -87.726783°)"
872,6041 West,Diversey Ave,08/10/2006,"21,600",East Bound: 11100 / West Bound: 10500,41.931117,-87.777627,"(41.931117°, -87.777627°)"
"1,345",480 South,Franklin St,10/02/2006,"9,700",North Bound: 9700 / / Oneway North Bound,41.875561,-87.635138,"(41.875561°, -87.635138°)"
871,6891 West,Diversey Ave,08/16/2006,"16,600",East Bound: 8600 / West Bound: 8000,41.930851,-87.797915,"(41.930851°, -87.797915°)"
324,3223 East,85th St,03/28/2006,"12,300",East Bound: 6700 / West Bound: 5600,41.741127,-87.545616,"(41.741127°, -87.545616°)"
740,4306 West,26th St,09/12/2006,"8,400",East Bound: 4500 / West Bound: 3900,41.844157,-87.731356,"(41.844157°, -87.731356°)"
751,11233 South,Avenue O,10/18/2006,"16,000",North Bound: 8100 / South Bound: 7900,41.690863,-87.540104,"(41.690863°, -87.540104°)"
"1,319",11427 South,Western Ave,08/22/2006,"19,600",North Bound: 10200 / South Bound: 9400,41.685379,-87.680954,"(41.685379°, -87.680954°)"
724,6050 West,Addison St,11/07/2006,"24,200",East Bound: 11800 / West Bound: 12400,41.945751,-87.778573,"(41.945751°, -87.778573°)"
"1,353",400 South,State St,09/19/2006,"24,200",North Bound: 14900 / South Bound: 9300,41.876904,-87.627651,"(41.876904°, -87.627651°)"
432,2700 West,Roosevelt Rd,10/19/2006,"18,300",East Bound: 8200 / West Bound: 10100,41.866535,-87.693471,"(41.866535°, -87.693471°)"
"1,294",2924 East,130th St,08/29/2006,"4,200",East Bound: 2300 / West Bound: 1900,41.659177,-87.552112,"(41.659177°, -87.552112°)"
867,5850 North,Cumberland Ave,08/17/2006,"49,400",North Bound: 27100 / South Bound: 22300,41.986101,-87.836581,"(41.986101°, -87.836581°)"
9,2050 East,71st St,03/09/2006,"8,600",East Bound: 3600 / West Bound: 5000,41.76626,-87.574226,"(41.76626°, -87.574226°)"
653,3620 North,Laramie Ave,10/23/2006,"16,700",North Bound: 8600 / South Bound: 8100,41.946687,-87.75694,"(41.946687°, -87.75694°)"
"1,321",3018 East,95th St,11/14/2006,"8,000",East Bound: 3700 / West Bound: 4300,41.722773,-87.550305,"(41.722773°, -87.550305°)"
893,6911 West,Irving Park Rd,08/24/2006,"28,600",East Bound: 13600 / West Bound: 15000,41.952742,-87.799221,"(41.952742°, -87.799221°)"
"1,081",300 South,Damen Ave,08/17/2006,"21,500",North Bound: 10500 / South Bound: 11000,41.877446,-87.676545,"(41.877446°, -87.676545°)"
391,12423 South,Michigan Ave,11/14/2006,"8,900",North Bound: 4000 / South Bound: 4900,41.66836,-87.620176,"(41.66836°, -87.620176°)"
487,8950 West,Lawrence Ave,08/16/2006,"24,600",East Bound: 12900 / West Bound: 11700,41.966293,-87.850072,"(41.966293°, -87.850072°)"
329,5065 South,Drexel Blvd,03/28/2006,"6,600",North Bound: 3400 / South Bound: 3200,41.802286,-87.603784,"(41.802286°, -87.603784°)"
588,8210 South,Exchange Ave,10/18/2006,"9,700",North Bound: 4300 / South Bound: 5400,41.746122,-87.552788,"(41.746122°, -87.552788°)"
814,2600 East,122nd St,08/29/2006,"4,200",East Bound: 2200 / West Bound: 2000,41.673764,-87.560855,"(41.673764°, -87.560855°)"
171,46 East,75th St,05/09/2006,"11,700",East Bound: 5900 / West Bound: 5800,41.758265,-87.622945,"(41.758265°, -87.622945°)"
95,4709 South,Archer Ave,03/08/2006,"27,800",North Bound: 13600 / South Bound: 14200,41.807818,-87.714468,"(41.807818°, -87.714468°)"
61,8127 South,Jeffery Blvd,03/08/2006,"13,400",North Bound: 6500 / South Bound: 6900,41.747152,-87.575902,"(41.747152°, -87.575902°)"
987,4322 North,Lincoln Ave,09/18/2006,"14,100",North Bound: 7100 / South Bound: 7000,41.960186,-87.68299,"(41.960186°, -87.68299°)"
26,2259 South,Damen Ave,03/02/2006,"14,800",North Bound: 8000 / South Bound: 6800,41.850395,-87.67579,"(41.850395°, -87.67579°)"
687,6071 North,Western Ave,08/22/2006,"34,600",North Bound: 15900 / South Bound: 18700,41.992273,-87.689704,"(41.992273°, -87.689704°)"
"1,194",3249 West,71st St,11/14/2006,"15,600",East Bound: 7900 / West Bound: 7700,41.764348,-87.70478,"(41.764348°, -87.70478°)"
381,5250 South,Lake Shore Dr,04/05/2006,"111,600",North Bound: 52400 / South Bound: 59200,41.799972,-87.581471,"(41.799972°, -87.581471°)"
"1,276",5215 West,Devon Ave,08/09/2006,"26,600",East Bound: 14000 / West Bound: 12600,41.997323,-87.758573,"(41.997323°, -87.758573°)"
71,3311 South,Michigan Ave,03/02/2006,"8,100",South Bound: 8100/ Oneway South Bound,41.834369,-87.623323,"(41.834369°, -87.623323°)"
"1,001",1768 North,Western Ave,09/28/2006,"40,000",North Bound: 20100 / South Bound: 19900,41.913995,-87.687313,"(41.913995°, -87.687313°)"
488,3816 West,Bryn Mawr Ave,09/19/2006,"14,500",East Bound: 7200 / West Bound: 7300,41.982866,-87.724368,"(41.982866°, -87.724368°)"
507,1931 West,Lake St,10/19/2006,"6,900",East Bound: 3400 / West Bound: 3500,41.885023,-87.675556,"(41.885023°, -87.675556°)"
781,7127 North,Leigh Ave,11/14/2006,"8,600",North Bound: 4000 / South Bound: 4600,42.010697,-87.772707,"(42.010697°, -87.772707°)"
309,340 West,Pershing Rd,04/25/2006,"15,400",East Bound: 7800 / West Bound: 7600,41.823602,-87.634859,"(41.823602°, -87.634859°)"
727,1928 North,Oak Park Ave,10/25/2006,"13,000",North Bound: 6500 / South Bound: 6500,41.915365,-87.794984,"(41.915365°, -87.794984°)"
"1,063",303 East,Cermak Rd,10/17/2006,"25,700",East Bound: 10900 / West Bound: 14800,41.852872,-87.620534,"(41.852872°, -87.620534°)"
"1,220",8451 South,Pulaski Rd,10/04/2006,"33,800",North Bound: 16500 / South Bound: 17300,41.73879,-87.721569,"(41.73879°, -87.721569°)"
"1,108",2500 West,Jackson Blvd,10/05/2006,"6,000",East Bound: 2700 / West Bound: 3300,41.877521,-87.688801,"(41.877521°, -87.688801°)"
734,640 North,La Salle St,09/21/2006,"39,000",North Bound: 21100 / South Bound: 17900,41.893609,-87.63265,"(41.893609°, -87.63265°)"
864,5050 North,Cicero Ave,08/08/2006,"25,900",North Bound: 12700 / South Bound: 13200,41.972925,-87.747914,"(41.972925°, -87.747914°)"
268,1048 East,47th St,04/27/2006,"17,200",East Bound: 8800 / West Bound: 8400,41.809607,-87.599776,"(41.809607°, -87.599776°)"
175,718 West,76th Street,03/28/2006,"15,400",East Bound: 7800 / West Bound: 7600,41.756101,-87.642566,"(41.756101°, -87.642566°)"
203,2040 East,87th Street,03/28/2006,"14,100",East Bound: 6700 / West Bound: 7400,41.737079,-87.574126,"(41.737079°, -87.574126°)"
"1,031",250 North,Kostner Ave,09/05/2006,"5,700",South Bound: 5700/ Oneway South Bound,41.884822,-87.735612,"(41.884822°, -87.735612°)"
138,8941 South,Western Ave,03/14/2006,"30,800",North Bound: 15000 / South Bound: 15800,41.730457,-87.682356,"(41.730457°, -87.682356°)"
103,6154 South,Ashland Ave,03/14/2006,"23,500",North Bound: 11800 / South Bound: 11700,41.781444,-87.664267,"(41.781444°, -87.664267°)"
675,4472 North,Clarendon St,10/04/2006,"4,700",North Bound: 2500 / South Bound: 2200,41.963669,-87.649966,"(41.963669°, -87.649966°)"
"1,060",165 North,Canal St,01/24/2007,"10,200",North Bound: 10200 / / Oneway North Bound,41.885079,-87.639827,"(41.885079°, -87.639827°)"
928,3120 West,Diversey Ave,08/10/2006,"18,500",East Bound: 8800 / West Bound: 9700,41.932037,-87.705896,"(41.932037°, -87.705896°)"
468,3455 East,112th St,10/18/2006,"7,700",East Bound: 4600 / West Bound: 3100,41.691858,-87.539118,"(41.691858°, -87.539118°)"
448,1450 West,Foster Ave,08/20/2006,"24,100",East Bound: 11200 / West Bound: 12900,41.976215,-87.666782,"(41.976215°, -87.666782°)"
"1,337",389 West,Washington St,09/26/2006,"17,000",East Bound: 17000 / / Oneway East Bound,41.883192,-87.638103,"(41.883192°, -87.638103°)"
"1,000",5017 North,Western Ave,08/15/2006,"33,100",North Bound: 17300 / South Bound: 15800,41.972841,-87.689047,"(41.972841°, -87.689047°)"
58,6841 South,Jeffery Blvd,05/04/2006,"23,700",North Bound: 11300 / South Bound: 12400,41.77038,-87.576414,"(41.77038°, -87.576414°)"
237,5235 South,Racine Ave,03/23/2006,"7,700",North Bound: 3900 / South Bound: 3800,41.798563,-87.654979,"(41.798563°, -87.654979°)"
"1,184",1257 West,Roosevelt Rd,10/19/2006,"26,800",East Bound: 13700 / West Bound: 13100,41.866958,-87.659,"(41.866958°, -87.659°)"
97,3247 South,Archer Ave,03/08/2006,"15,100",North Bound: 8200 / South Bound: 6900,41.835106,-87.669954,"(41.835106°, -87.669954°)"
720,6221 West,Gunnison St,10/10/2006,"12,300",East Bound: 6400 / West Bound: 5900,41.968461,-87.784013,"(41.968461°, -87.784013°)"
"1,096",2666 West,Grand Ave,11/13/2006,"18,800",East Bound: 9500 / West Bound: 9300,41.893314,-87.694126,"(41.893314°, -87.694126°)"
435,3654 West,16th St,09/14/2006,"9,500",East Bound: 4400 / West Bound: 5100,41.858949,-87.717426,"(41.858949°, -87.717426°)"
562,4047 West,Fullerton Ave,08/16/2006,"37,900",East Bound: 21300 / West Bound: 16600,41.924462,-87.728691,"(41.924462°, -87.728691°)"
"1,324",8538 South,South Chicago Ave,11/02/2006,"16,300",North Bound: 8600 / South Bound: 7700,41.739994,-87.569589,"(41.739994°, -87.569589°)"
820,4418 West,26th St,11/16/2006,"14,800",East Bound: 7300 / West Bound: 7500,41.844102,-87.735004,"(41.844102°, -87.735004°)"
753,9761 South,Cottage Grove Ave,10/04/2006,"14,000",North Bound: 7400 / South Bound: 6600,41.716726,-87.604408,"(41.716726°, -87.604408°)"
"1,208",660 West,Grand Ave,09/21/2006,"19,000",East Bound: 8400 / West Bound: 10600,41.891218,-87.645288,"(41.891218°, -87.645288°)"
508,3165 West,Franklin Blvd,10/12/2006,"3,900",East Bound: 1700 / West Bound: 2200,41.890069,-87.706392,"(41.890069°, -87.706392°)"
"1,245",1599 South,Racine Ave,10/04/2006,"13,100",North Bound: 6600 / South Bound: 6500,41.859764,-87.65648,"(41.859764°, -87.65648°)"
395,12940 South,Torrence Ave,08/31/2006,"18,600",North Bound: 9400 / South Bound: 9200,41.659854,-87.55928,"(41.659854°, -87.55928°)"
585,9450 South,Jeffery Ave,09/06/2006,"19,400",North Bound: 9300 / South Bound: 10100,41.722735,-87.575361,"(41.722735°, -87.575361°)"
69,2317 South,Michigan Ave,03/02/2006,"13,000",North Bound: 5800 / South Bound: 7200,41.850595,-87.623745,"(41.850595°, -87.623745°)"
210,202 West,95th Street,03/28/2006,"33,900",East Bound: 17200 / West Bound: 16700,41.721659,-87.628777,"(41.721659°, -87.628777°)"
733,645 North,State St,01/09/2007,"23,100",North Bound: 10500 / South Bound: 12600,41.893306,-87.628117,"(41.893306°, -87.628117°)"
344,830 East,Oakwood Blvd,03/28/2006,"4,900",East Bound: 3300 / West Bound: 1600,41.823134,-87.605367,"(41.823134°, -87.605367°)"
"1,283",124 East,127th St,08/29/2006,"28,700",East Bound: 14200 / West Bound: 14500,41.663388,-87.618884,"(41.663388°, -87.618884°)"
"1,280",28 West,111th St,08/29/2006,"12,800",East Bound: 6200 / West Bound: 6600,41.692571,-87.624189,"(41.692571°, -87.624189°)"
476,4630 West,55th St,09/12/2006,"23,300",East Bound: 12100 / West Bound: 11200,41.793061,-87.739172,"(41.793061°, -87.739172°)"
"1,008",815 South,Cicero Ave,10/26/2006,"35,200",North Bound: 17800 / South Bound: 17400,41.869875,-87.744879,"(41.869875°, -87.744879°)"
47,1407 South,Indiana Ave,05/02/2006,"8,300",North Bound: 4900 / South Bound: 3400,41.863938,-87.622471,"(41.863938°, -87.622471°)"
"1,153",6023 South,State St,10/11/2006,"20,400",North Bound: 9300 / South Bound: 11100,41.784837,-87.625446,"(41.784837°, -87.625446°)"
837,112 North,California Ave,10/09/2006,"5,100",North Bound: 3200 / South Bound: 1900,41.883343,-87.696348,"(41.883343°, -87.696348°)"
351,460 South,Canal St,10/02/2006,"15,600",North Bound: 10400 / South Bound: 5200,41.875514,-87.639626,"(41.875514°, -87.639626°)"
"1,206",3865 West,Columbus Ave,08/22/2006,"16,900",North Bound: 8300 / South Bound: 8600,41.738019,-87.718381,"(41.738019°, -87.718381°)"
594,7829 South,Damen Ave,10/11/2006,"23,700",North Bound: 9800 / South Bound: 13900,41.751171,-87.673157,"(41.751171°, -87.673157°)"
778,5800 North,Cicero Ave,08/08/2006,"22,700",North Bound: 11500 / South Bound: 11200,41.986165,-87.748308,"(41.986165°, -87.748308°)"
795,745 North,Fairbanks Ct,10/31/2006,"10,700",North Bound: 6400 / South Bound: 4300,41.896368,-87.620359,"(41.896368°, -87.620359°)"
445,4444 West,Chicago Ave,10/19/2006,"21,400",East Bound: 9800 / West Bound: 11600,41.895151,-87.737793,"(41.895151°, -87.737793°)"
616,1531 South,Kostner Ave,09/14/2006,"19,500",North Bound: 8800 / South Bound: 10700,41.859611,-87.734761,"(41.859611°, -87.734761°)"
723,6257 West,Belmont Ave,10/16/2006,"24,400",East Bound: 12900 / West Bound: 11500,41.938356,-87.783382,"(41.938356°, -87.783382°)"
"1,213",233 West,Lake St,11/07/2006,"13,200",East Bound: 13200 / / Oneway East Bound,41.885733,-87.63502,"(41.885733°, -87.63502°)"
584,11450 South,Kedzie Ave,08/22/2006,"19,600",North Bound: 10200 / South Bound: 9400,41.68508,-87.700584,"(41.68508°, -87.700584°)"
378,4929 South,Woodlawn Ave,05/02/2006,"5,500",North Bound: 2900 / South Bound: 2600,41.805123,-87.596753,"(41.805123°, -87.596753°)"
849,7121 West,Addison Ave,08/14/2006,"20,700",East Bound: 10400 / West Bound: 10300,41.945317,-87.804172,"(41.945317°, -87.804172°)"
788,700 South,Pulaski Rd,10/04/2006,"23,700",North Bound: 13300 / South Bound: 10400,41.872493,-87.725399,"(41.872493°, -87.725399°)"
"1,147",115 South,Sacramento Ave,10/09/2006,"22,100",North Bound: 11200 / South Bound: 10900,41.879204,-87.701155,"(41.879204°, -87.701155°)"
941,2231 North,Kimball Ave,10/09/2006,"12,200",North Bound: 6100 / South Bound: 6100,41.92195,-87.712021,"(41.92195°, -87.712021°)"
695,324 South,Racine Ave,10/23/2006,"12,500",North Bound: 7500 / South Bound: 5000,41.876982,-87.657007,"(41.876982°, -87.657007°)"
130,721 South,Western Ave,03/22/2006,"29,500",North Bound: 14900 / South Bound: 14600,41.872427,-87.686197,"(41.872427°, -87.686197°)"
"1,044",452 West,47th St,10/19/2006,"19,800",East Bound: 9500 / West Bound: 10300,41.809005,-87.637985,"(41.809005°, -87.637985°)"
197,1428 West,87th Street,03/28/2006,"31,600",East Bound: 16000 / West Bound: 15600,41.735844,-87.659417,"(41.735844°, -87.659417°)"
966,4034 North,Broadway,08/29/2006,"13,000",North Bound: 6200 / South Bound: 6800,41.955468,-87.651123,"(41.955468°, -87.651123°)"
969,6137 North,Clark St,08/24/2006,"32,100",North Bound: 15500 / South Bound: 16600,41.993674,-87.670135,"(41.993674°, -87.670135°)"
990,1758 West,Montrose Ave,10/31/2006,"16,800",East Bound: 7300 / West Bound: 9500,41.961538,-87.673156,"(41.961538°, -87.673156°)"
"1,160",30 South,Wabash Ave,09/26/2006,"9,200",South Bound: 9200/ Oneway South Bound,41.88133,-87.626189,"(41.88133°, -87.626189°)"
676,4421 North,Sheridan Rd,08/29/2006,"7,500",North Bound: 3400 / South Bound: 4100,41.962457,-87.654755,"(41.962457°, -87.654755°)"
583,11027 South,Pulaski Rd,08/22/2006,"32,900",North Bound: 15900 / South Bound: 17000,41.692257,-87.720366,"(41.692257°, -87.720366°)"
305,3610 South,Morgan St,03/09/2006,"5,300",North Bound: 2600 / South Bound: 2700,41.828474,-87.65091,"(41.828474°, -87.65091°)"
94,2140 South,Archer Ave,03/08/2006,"11,800",North Bound: 5200 / South Bound: 6600,41.853553,-87.633392,"(41.853553°, -87.633392°)"
148,6840 South,Stony Island Ave,03/14/2006,"52,500",North Bound: 24700 / South Bound: 27800,41.769698,-87.586238,"(41.769698°, -87.586238°)"
"1,043",52 East,31st St,10/18/2006,"11,700",East Bound: 6100 / West Bound: 5600,41.838327,-87.624762,"(41.838327°, -87.624762°)"
360,11043 South,Longwood Dr,08/24/2006,"6,700",North Bound: 2500 / South Bound: 4200,41.693059,-87.671533,"(41.693059°, -87.671533°)"
338,1015 West,Harrison St,04/26/2006,"15,000",East Bound: 6700 / West Bound: 8300,41.87436,-87.652225,"(41.87436°, -87.652225°)"
641,2609 North,Kimball Ave,10/09/2006,"16,100",North Bound: 7900 / South Bound: 8200,41.928608,-87.712206,"(41.928608°, -87.712206°)"
392,12007 South,State St,08/31/2006,"6,300",North Bound: 3100 / South Bound: 3200,41.675955,-87.622596,"(41.675955°, -87.622596°)"
87,8149 South,State St,05/02/2006,"7,500",North Bound: 7500 / / Oneway North Bound,41.745812,-87.624391,"(41.745812°, -87.624391°)"
136,7234 South,Western Ave,03/23/2006,"40,500",North Bound: 20300 / South Bound: 20200,41.761813,-87.683164,"(41.761813°, -87.683164°)"
129,10748 South,Vincennes Ave,03/21/2006,"18,000",North Bound: 8800 / South Bound: 9200,41.698034,-87.65927,"(41.698034°, -87.65927°)"
"1,079",40 East,Congress Pkwy,02/21/2007,"40,700",East Bound: 20400 / West Bound: 20300,41.875684,-87.626134,"(41.875684°, -87.626134°)"
"1,120",600 West,Madison St,09/20/2006,"17,400",West Bound: 17400/ Oneway West Bound,41.881836,-87.642708,"(41.881836°, -87.642708°)"
255,1301 West,35th St,04/25/2006,"17,000",East Bound: 9100 / West Bound: 7900,41.830598,-87.657426,"(41.830598°, -87.657426°)"
154,2701 East,100th St,05/04/2006,"11,000",East Bound: 5400 / West Bound: 5600,41.713352,-87.558074,"(41.713352°, -87.558074°)"
914,4550 West,Addison Ave,08/14/2006,"23,600",East Bound: 11800 / West Bound: 11800,41.946193,-87.741344,"(41.946193°, -87.741344°)"
"1,326",350 North,Michigan Ave,11/07/2006,"44,000",North Bound: 21300 / South Bound: 22700,41.887944,-87.624537,"(41.887944°, -87.624537°)"
738,6805 North,Northwest Hwy,08/15/2006,"16,100",North Bound: 7500 / South Bound: 8600,42.004572,-87.818987,"(42.004572°, -87.818987°)"
"1,105",713 South,Homan Ave,09/27/2006,"15,700",North Bound: 8100 / South Bound: 7600,41.872269,-87.710736,"(41.872269°, -87.710736°)"
777,5653 North,East River Rd,08/16/2006,"25,300",North Bound: 12100 / South Bound: 13200,41.982087,-87.846432,"(41.982087°, -87.846432°)"
729,6570 West,North Ave,10/18/2006,"41,700",East Bound: 21600 / West Bound: 20100,41.90909,-87.789897,"(41.90909°, -87.789897°)"
454,711 East,111th St,08/29/2006,"16,500",East Bound: 7500 / West Bound: 9000,41.692822,-87.605505,"(41.692822°, -87.605505°)"
"1,248",5921 South,Western Ave,10/31/2006,"41,900",North Bound: 24800 / South Bound: 17100,41.78592,-87.683819,"(41.78592°, -87.683819°)"
"1,065",3652 West,Chicago Ave,11/14/2006,"20,000",East Bound: 10600 / West Bound: 9400,41.895439,-87.718427,"(41.895439°, -87.718427°)"
"1,266",5454 South,Lake Park Ave,09/20/2006,"21,600",North Bound: 10500 / South Bound: 11100,41.796495,-87.587413,"(41.796495°, -87.587413°)"
819,2641 West,Pershing Rd,09/26/2006,"11,000",East Bound: 5800 / West Bound: 5200,41.822852,-87.691118,"(41.822852°, -87.691118°)"
957,612 West,Armitage Ave,11/16/2006,"13,800",East Bound: 7700 / West Bound: 6100,41.918245,-87.644208,"(41.918245°, -87.644208°)"
117,5348 South,Halsted St,03/15/2006,"15,000",North Bound: 7700 / South Bound: 7300,41.796466,-87.645213,"(41.796466°, -87.645213°)"
"1,223",1229 West,31st St,10/19/2006,"8,600",East Bound: 5500 / West Bound: 3100,41.837896,-87.657173,"(41.837896°, -87.657173°)"
995,6629 North,Sheridan Rd,08/24/2006,"41,200",North Bound: 21100 / South Bound: 20100,42.00351,-87.660816,"(42.00351°, -87.660816°)"
643,2827 North,Pulaski Rd,11/20/2006,"23,900",North Bound: 11400 / South Bound: 12500,41.932562,-87.727001,"(41.932562°, -87.727001°)"
224,120 West,Garfield Blvd,03/22/2006,"38,700",East Bound: 20200 / West Bound: 18500,41.794582,-87.629567,"(41.794582°, -87.629567°)"
"1,014",516 North,Wells St,09/19/2006,"16,300",South Bound: 16300/ Oneway South Bound,41.891353,-87.634063,"(41.891353°, -87.634063°)"
531,6780 West,Higgins Ave,08/22/2006,"17,500",East Bound: 7600 / West Bound: 9900,41.979107,-87.797633,"(41.979107°, -87.797633°)"
98,320 South,Ashland Ave,03/21/2006,"29,300",North Bound: 15200 / South Bound: 14100,41.876934,-87.666676,"(41.876934°, -87.666676°)"
601,5410 South,Cicero Ave,08/02/2006,"71,200",North Bound: 37700 / South Bound: 33500,41.794355,-87.742622,"(41.794355°, -87.742622°)"
678,4810 North,Milwaukee Ave,01/09/2007,"27,600",North Bound: 11600 / South Bound: 16000,41.96815,-87.760968,"(41.96815°, -87.760968°)"
636,2824 North,Sheffield Ave,10/04/2006,"10,700",North Bound: 5100 / South Bound: 5600,41.933448,-87.653886,"(41.933448°, -87.653886°)"
"1,243",4550 South,Racine Ave,10/19/2006,"9,000",North Bound: 4400 / South Bound: 4600,41.810881,-87.655209,"(41.810881°, -87.655209°)"
843,2324 West,Armitage Ave,08/09/2006,"16,800",East Bound: 9000 / West Bound: 7800,41.917591,-87.686072,"(41.917591°, -87.686072°)"
399,133 South,Ashland Ave,08/31/2006,"31,700",North Bound: 16800 / South Bound: 14900,41.879119,-87.666752,"(41.879119°, -87.666752°)"
494,3947 West,Jackson Blvd,10/18/2006,"13,300",East Bound: 6600 / West Bound: 6700,41.877093,-87.725018,"(41.877093°, -87.725018°)"
"1,272",6017 South,Stony Island Ave,10/25/2006,"19,200",North Bound: 9800 / South Bound: 9400,41.785625,-87.586582,"(41.785625°, -87.586582°)"
826,4825 West,Lawrence Ave,08/10/2006,"28,900",East Bound: 14000 / West Bound: 14900,41.968013,-87.748871,"(41.968013°, -87.748871°)"
"1,015",15 South,Wells St,09/19/2006,"9,900",South Bound: 9900/ Oneway South Bound,41.881401,-87.633811,"(41.881401°, -87.633811°)"
704,220 North,Western Ave,10/24/2006,"34,400",North Bound: 16800 / South Bound: 17600,41.885258,-87.686545,"(41.885258°, -87.686545°)"
"1,142",225 West,Randolph St,09/19/2006,"18,500",West Bound: 18500/ Oneway West Bound,41.884466,-87.634637,"(41.884466°, -87.634637°)"
455,1650 West,North Ave,10/18/2006,"20,900",East Bound: 10400 / West Bound: 10500,41.910585,-87.669739,"(41.910585°, -87.669739°)"
492,7114 West,Devon Ave,08/15/2006,"22,600",East Bound: 11200 / West Bound: 11400,41.997773,-87.805489,"(41.997773°, -87.805489°)"
"1,258",8616 South,Commercial Ave,10/18/2006,"13,000",North Bound: 6900 / South Bound: 6100,41.738684,-87.551457,"(41.738684°, -87.551457°)"
821,4042 West,Cermak Rd,11/14/2006,"23,200",East Bound: 12800 / West Bound: 10400,41.851522,-87.726497,"(41.851522°, -87.726497°)"
310,268 East,Pershing Rd,04/25/2006,"7,200",East Bound: 3400 / West Bound: 3800,41.823805,-87.619176,"(41.823805°, -87.619176°)"
482,4307 West,Grand Ave,11/13/2006,"11,900",East Bound: 6600 / West Bound: 5300,41.909224,-87.734147,"(41.909224°, -87.734147°)"
"1,155",646 South,State St,09/19/2006,"31,400",North Bound: 20200 / South Bound: 11200,41.873424,-87.627576,"(41.873424°, -87.627576°)"
74,5352 South,Michigan Ave,03/02/2006,"7,900",South Bound: 7900/ Oneway South Bound,41.796652,-87.622518,"(41.796652°, -87.622518°)"
762,3121 South,Pulaski Rd,09/14/2006,"29,500",North Bound: 15400 / South Bound: 14100,41.836244,-87.724337,"(41.836244°, -87.724337°)"
631,2427 North,Kedzie Ave,10/09/2006,"17,400",North Bound: 8500 / South Bound: 8900,41.92573,-87.707248,"(41.92573°, -87.707248°)"
905,2228 North,Narragansett Ave,10/25/2006,"16,200",North Bound: 8500 / South Bound: 7700,41.920893,-87.785358,"(41.920893°, -87.785358°)"
646,2836 North,Laramie Ave,10/23/2006,"15,500",East Bound: 7900 / West Bound: 7600,41.932527,-87.756461,"(41.932527°, -87.756461°)"
394,13027 South,Baltimore Ave,11/08/2006,"4,400",North Bound: 1800 / South Bound: 2600,41.658336,-87.547134,"(41.658336°, -87.547134°)"
862,4256 North,Central Ave,08/23/2006,"24,900",North Bound: 12600 / South Bound: 12300,41.958566,-87.767179,"(41.958566°, -87.767179°)"
665,3636 North,Broadway,10/16/2006,"10,100",North Bound: 5500 / South Bound: 4600,41.948385,-87.647898,"(41.948385°, -87.647898°)"
"1,343",425 South,Wacker Dr,09/19/2006,"4,900",North Bound: 2400 / South Bound: 2500,41.876342,-87.636323,"(41.876342°, -87.636323°)"
404,2125 North,Cicero Ave,10/16/2006,"39,900",North Bound: 18800 / South Bound: 21100,41.919517,-87.746187,"(41.919517°, -87.746187°)"
613,2130 South,Marshall Blvd,09/14/2006,"18,800",North Bound: 8600 / South Bound: 10200,41.852795,-87.699117,"(41.852795°, -87.699117°)"
"1,049",1233 West,Adams St,10/05/2006,"3,800",West Bound: 3800/ Oneway West Bound,41.879037,-87.658396,"(41.879037°, -87.658396°)"
184,20 East,79th St,03/28/2006,"20,700",East Bound: 11300 / West Bound: 9400,41.75097,-87.623726,"(41.75097°, -87.623726°)"
323,3036 East,83rd Pl,03/28/2006,"1,300",East Bound: 500 / West Bound: 800,41.743472,-87.550548,"(41.743472°, -87.550548°)"
303,205 East,Marquette Rd,04/27/2006,"16,800",East Bound: 7500 / West Bound: 9300,41.772885,-87.620079,"(41.772885°, -87.620079°)"
176,320 East,76th St,03/28/2006,"8,600",East Bound: 3800 / West Bound: 4800,41.756542,-87.617335,"(41.756542°, -87.617335°)"
"1,088",2630 West,Division St,10/18/2006,"19,500",East Bound: 8900 / West Bound: 10600,41.902958,-87.693225,"(41.902958°, -87.693225°)"
603,5443 South,California Ave,08/17/2006,"18,600",North Bound: 8800 / South Bound: 9800,41.794209,-87.693813,"(41.794209°, -87.693813°)"
796,1111 North,Clark St,09/27/2006,"14,100",North Bound: 4500 / South Bound: 9600,41.902199,-87.631399,"(41.902199°, -87.631399°)"
691,6067 North,Kimball Ave,08/15/2006,"15,600",North Bound: 7500 / South Bound: 8100,41.992042,-87.714036,"(41.992042°, -87.714036°)"
34,7509 South,Damen Ave,03/02/2006,"12,300",North Bound: 5600 / South Bound: 6700,41.757363,-87.673336,"(41.757363°, -87.673336°)"
"1,137",928 North,Pulaski Rd,10/04/2006,"23,900",North Bound: 12400 / South Bound: 11500,41.898079,-87.726166,"(41.898079°, -87.726166°)"
"1,068",406 North,Clark St,09/27/2006,"20,700",South Bound: 20700/ Oneway South Bound,41.889469,-87.631064,"(41.889469°, -87.631064°)"
690,6082 North,Lincoln Ave,08/15/2006,"35,600",North Bound: 18100 / South Bound: 17500,41.992962,-87.711563,"(41.992962°, -87.711563°)"
"1,022",4344 West,26th St,09/12/2006,"17,300",East Bound: 8100 / West Bound: 9200,41.844137,-87.732725,"(41.844137°, -87.732725°)"
10,8539 South,Commercial Ave,03/07/2006,"10,000",North Bound: 5000 / South Bound: 5000,41.739836,-87.551476,"(41.739836°, -87.551476°)"
440,3433 West,Madison St,10/12/2006,"15,600",East Bound: 7800 / West Bound: 7800,41.880898,-87.712441,"(41.880898°, -87.712441°)"
842,2458 West,Addison St,08/14/2006,"27,000",East Bound: 12100 / West Bound: 14900,41.946727,-87.69064,"(41.946727°, -87.69064°)"
816,3254 West,115th St,08/22/2006,"15,500",East Bound: 8100 / West Bound: 7400,41.684228,-87.702778,"(41.684228°, -87.702778°)"
983,1350 West,Lawrence Ave,11/07/2006,"20,700",East Bound: 10300 / West Bound: 10400,41.968951,-87.66443,"(41.968951°, -87.66443°)"
413,5700 West,Washington St,10/19/2006,"10,800",East Bound: 4600 / West Bound: 6200,41.882191,-87.768235,"(41.882191°, -87.768235°)"
368,634 South,Wabash Ave,05/02/2006,"9,100",North Bound: 3300 / South Bound: 5800,41.873661,-87.62598,"(41.873661°, -87.62598°)"
547,2939 West,63rd St,08/15/2006,"22,200",East Bound: 10500 / West Bound: 11700,41.779058,-87.697351,"(41.779058°, -87.697351°)"
699,114 North,Hamlin Ave,10/12/2006,"15,500",North Bound: 8200 / South Bound: 7300,41.882384,-87.720836,"(41.882384°, -87.720836°)"
18,6533 South,Cottage Grove Ave,03/01/2006,"19,100",North Bound: 9800 / South Bound: 9300,41.775779,-87.605826,"(41.775779°, -87.605826°)"
857,10 South,Canal St,09/19/2006,"12,100",North Bound: 12100 / / Oneway North Bound,41.881585,-87.639674,"(41.881585°, -87.639674°)"
265,1439 West,47th St,03/29/2006,"16,000",East Bound: 7800 / West Bound: 8200,41.808649,-87.661622,"(41.808649°, -87.661622°)"
514,3500 West,Grand Ave,10/23/2006,"15,700",East Bound: 7900 / West Bound: 7800,41.90103,-87.713491,"(41.90103°, -87.713491°)"
"1,374",350 West,97th St,10/04/2006,"3,900",East Bound: 1900 / West Bound: 2000,41.71796,-87.632971,"(41.71796°, -87.632971°)"
354,9592 South,Colfax Ave,10/18/2006,"13,100",North Bound: 6800 / South Bound: 6300,41.720957,-87.560671,"(41.720957°, -87.560671°)"
"1,216",6231 South,Narragansett Ave,09/12/2006,"10,800",North Bound: 5500 / South Bound: 5300,41.778562,-87.781296,"(41.778562°, -87.781296°)"
"1,115",2335 West,Lake St,10/19/2006,"7,700",East Bound: 4300 / West Bound: 3400,41.884665,-87.685501,"(41.884665°, -87.685501°)"
294,20 West,Cermak Rd,04/25/2006,"19,900",East Bound: 9500 / West Bound: 10400,41.852874,-87.627827,"(41.852874°, -87.627827°)"
161,8930 South,Mackinaw Ave,05/04/2006,"13,800",North Bound: 5800 / South Bound: 8000,41.732854,-87.542962,"(41.732854°, -87.542962°)"
"1,139",34 North,Pulaski Rd,10/04/2006,"23,500",North Bound: 12300 / South Bound: 11200,41.881938,-87.725706,"(41.881938°, -87.725706°)"
567,4521 North,Central Ave,08/23/2006,"27,600",North Bound: 13900 / South Bound: 13700,41.962998,-87.767323,"(41.962998°, -87.767323°)"
667,3733 North,Clark St,07/26/2006,"12,600",North Bound: 6000 / South Bound: 6600,41.94979,-87.658602,"(41.94979°, -87.658602°)"
441,3534 West,Wrightwood Ave,10/16/2006,"10,600",East Bound: 4900 / West Bound: 5700,41.928267,-87.716068,"(41.928267°, -87.716068°)"
396,13200 South,Torrence Ave,11/08/2006,"15,100",North Bound: 7400 / South Bound: 7700,41.655545,-87.559298,"(41.655545°, -87.559298°)"
988,4900 North,Marine Dr,09/18/2006,"6,500",North Bound: 2600 / South Bound: 3900,41.971671,-87.650428,"(41.971671°, -87.650428°)"
497,1540 West,Jackson Blvd,10/05/2006,"6,600",East Bound: 6600 / / Oneway East Bound,41.877635,-87.665993,"(41.877635°, -87.665993°)"
109,719 South,Clark St,03/15/2006,"13,600",North Bound: 6500 / South Bound: 7100,41.873009,-87.630632,"(41.873009°, -87.630632°)"
927,1751 North,Central Park Ave,11/14/2006,"10,300",North Bound: 4500 / South Bound: 5800,41.913289,-87.716646,"(41.913289°, -87.716646°)"
219,907 East,103rd St,03/22/2006,"17,800",East Bound: 10200 / West Bound: 7600,41.707533,-87.600985,"(41.707533°, -87.600985°)"
855,7368 West,Belmont Ave,11/14/2006,"24,100",East Bound: 12800 / West Bound: 11300,41.937984,-87.811297,"(41.937984°, -87.811297°)"
172,504 East,75th St,03/28/2006,"16,100",East Bound: 8500 / West Bound: 7600,41.758455,-87.612457,"(41.758455°, -87.612457°)"
85,6416 South,State St,05/02/2006,"19,300",North Bound: 8800 / South Bound: 10500,41.777072,-87.62526,"(41.777072°, -87.62526°)"
851,2653 North,Austin Ave,10/25/2006,"22,200",North Bound: 9700 / South Bound: 12500,41.929097,-87.775895,"(41.929097°, -87.775895°)"
158,9604 South,Beverly Ave,05/09/2006,"20,300",North Bound: 10100 / South Bound: 10200,41.719205,-87.662247,"(41.719205°, -87.662247°)"
160,9150 South,Harbor Ave,05/04/2006,"2,500",North Bound: 1100 / South Bound: 1400,41.729262,-87.541841,"(41.729262°, -87.541841°)"
575,135 South,Pulaski Rd,10/04/2006,"24,200",North Bound: 12100 / South Bound: 12100,41.878768,-87.725604,"(41.878768°, -87.725604°)"
278,410 East,55th St,04/27/2006,"22,800",East Bound: 6100 / West Bound: 16700,41.794804,-87.61571,"(41.794804°, -87.61571°)"
863,1710 North,Central Ave,10/26/2006,"20,400",North Bound: 10200 / South Bound: 10200,41.911538,-87.765585,"(41.911538°, -87.765585°)"
183,540 West,79th Street,03/28/2006,"19,200",East Bound: 10500 / West Bound: 8700,41.750722,-87.638461,"(41.750722°, -87.638461°)"
578,158 East,107th St,08/29/2006,"8,000",East Bound: 3600 / West Bound: 4400,41.69994,-87.618575,"(41.69994°, -87.618575°)"
511,777 West,Chicago Ave,09/19/2006,"27,600",East Bound: 13000 / West Bound: 14600,41.896397,-87.647745,"(41.896397°, -87.647745°)"
502,3542 West,Lake St,11/13/2006,"9,400",East Bound: 3700 / West Bound: 5700,41.884876,-87.715267,"(41.884876°, -87.715267°)"
836,10 East,Grand Ave,11/07/2006,"20,100",West Bound: 20100/ Oneway West Bound,41.891676,-87.627665,"(41.891676°, -87.627665°)"
579,350 East,111th St,08/29/2006,"12,200",East Bound: 5600 / West Bound: 6600,41.692731,-87.613734,"(41.692731°, -87.613734°)"
"1,188",3457 West,51st St,08/10/2006,"14,600",East Bound: 6700 / West Bound: 7900,41.800719,-87.710993,"(41.800719°, -87.710993°)"
216,537 West,103rd Street,03/28/2006,"18,700",East Bound: 11000 / West Bound: 7700,41.706991,-87.63698,"(41.706991°, -87.63698°)"
"1,114",901 West,Lake St,11/14/2006,"14,100",East Bound: 7200 / West Bound: 6900,41.885625,-87.649854,"(41.885625°, -87.649854°)"
907,3130 North,Oak Park Ave,10/25/2006,"17,100",North Bound: 7900 / South Bound: 9200,41.937284,-87.795671,"(41.937284°, -87.795671°)"
967,5051 North,Broadway,08/24/2006,"25,000",North Bound: 13100 / South Bound: 11900,41.974157,-87.659809,"(41.974157°, -87.659809°)"
"1,054",755 North,Ashland Ave,10/26/2006,"30,500",North Bound: 15800 / South Bound: 14700,41.89604,-87.667289,"(41.89604°, -87.667289°)"
"1,195",4101 West,79th St,08/15/2006,"36,900",East Bound: 18400 / West Bound: 18500,41.749395,-87.724323,"(41.749395°, -87.724323°)"
228,5710 South,Loomis St,03/23/2006,"3,500",North Bound: 1700 / South Bound: 1800,41.790122,-87.65963,"(41.790122°, -87.65963°)"
"1,176",3026 South,Homan Ave,09/14/2006,"2,000",North Bound: 2000 / / Oneway North Bound,41.83815,-87.709739,"(41.83815°, -87.709739°)"
186,850 East,79th St,03/28/2006,"16,300",East Bound: 7300 / West Bound: 9000,41.75131,-87.603145,"(41.75131°, -87.603145°)"
918,3317 West,Belmont Ave,10/16/2006,"32,700",East Bound: 14500 / West Bound: 18200,41.939303,-87.710743,"(41.939303°, -87.710743°)"
21,8800 South,Cottage Grove Ave,03/01/2006,"22,400",North Bound: 11100 / South Bound: 11300,41.734791,-87.604779,"(41.734791°, -87.604779°)"
412,5862 West,Jackson Blvd,11/14/2006,"9,800",East Bound: 4100 / West Bound: 5700,41.877113,-87.77081,"(41.877113°, -87.77081°)"
163,2237 West,63rd Street,03/28/2006,"18,000",East Bound: 8700 / West Bound: 9300,41.779224,-87.680473,"(41.779224°, -87.680473°)"
619,1820 North,Kimball Ave,10/09/2006,"10,500",North Bound: 4700 / South Bound: 5800,41.914325,-87.71182,"(41.914325°, -87.71182°)"
568,4581 North,Western Ave,08/16/2006,"38,300",North Bound: 16900 / South Bound: 21400,41.964867,-87.688793,"(41.964867°, -87.688793°)"
7,240 East,71st St,02/28/2006,"18,300",East Bound: 9000 / West Bound: 9300,41.765644,-87.618476,"(41.765644°, -87.618476°)"
591,7825 South,Pulaski Rd,08/15/2006,"46,600",North Bound: 22700 / South Bound: 23900,41.750615,-87.721947,"(41.750615°, -87.721947°)"
731,1234 West,Randolph St,10/05/2006,"6,000",West Bound: 6000/ Oneway West Bound,41.88422,-87.658216,"(41.88422°, -87.658216°)"
"1,358",197 East,Monroe St,09/20/2006,"13,500",East Bound: 8100 / West Bound: 5400,41.88085,-87.622687,"(41.88085°, -87.622687°)"
79,2425 East,South Shore Dr,03/09/2006,"17,300",North Bound: 8600 / South Bound: 8700,41.766314,-87.565472,"(41.766314°, -87.565472°)"
850,3521 North,Austin Ave,10/25/2006,"21,700",North Bound: 10600 / South Bound: 11100,41.944582,-87.776451,"(41.944582°, -87.776451°)"
114,700 South,Halsted St,03/21/2006,"15,600",North Bound: 6700 / South Bound: 8900,41.87346,-87.647091,"(41.87346°, -87.647091°)"
979,2034 North,Halsted St,10/16/2006,"18,700",North Bound: 10200 / South Bound: 8500,41.919237,-87.648548,"(41.919237°, -87.648548°)"
194,2848 East,83rd Street,03/23/2006,"8,300",East Bound: 4200 / West Bound: 4100,41.744615,-87.554455,"(41.744615°, -87.554455°)"
635,2825 North,Halsted St,10/16/2006,"19,500",North Bound: 10300 / South Bound: 9200,41.933425,-87.649035,"(41.933425°, -87.649035°)"
501,3932 West,Madison St,11/15/2006,"19,300",East Bound: 9600 / West Bound: 9700,41.88074,-87.724539,"(41.88074°, -87.724539°)"
"1,045",316 West,51st St,10/19/2006,"14,400",East Bound: 8100 / West Bound: 6300,41.801796,-87.633948,"(41.801796°, -87.633948°)"
"1,335",355 West,Lake St,10/02/2006,"15,000",East Bound: 10700 / West Bound: 4300,41.885725,-87.636864,"(41.885725°, -87.636864°)"
253,2307 West,35th St,03/30/2006,"10,200",East Bound: 5300 / West Bound: 4900,41.830303,-87.682868,"(41.830303°, -87.682868°)"
677,4445 North,Pulaski Rd,10/05/2006,"27,300",North Bound: 13800 / South Bound: 13500,41.962267,-87.727863,"(41.962267°, -87.727863°)"
926,7420 North,California Ave,08/22/2006,"10,400",North Bound: 5100 / South Bound: 5300,42.016379,-87.699636,"(42.016379°, -87.699636°)"
934,3130 West,Fullerton Ave,11/14/2006,"30,400",East Bound: 15200 / West Bound: 15200,41.924726,-87.705876,"(41.924726°, -87.705876°)"
790,194 North,Damen Ave,11/01/2006,"18,800",North Bound: 10400 / South Bound: 8400,41.884983,-87.676739,"(41.884983°, -87.676739°)"
760,6312 South,California Ave,10/11/2006,"16,600",North Bound: 6700 / South Bound: 9900,41.778712,-87.69338,"(41.778712°, -87.69338°)"
286,2525 South,Blue Island Ave,03/30/2006,"18,100",North Bound: 9200 / South Bound: 8900,41.846463,-87.681163,"(41.846463°, -87.681163°)"
273,329 East,51st St,04/27/2006,"8,800",East Bound: 4000 / West Bound: 4800,41.802072,-87.618178,"(41.802072°, -87.618178°)"
960,5116 North,Ashland Ave,08/22/2006,"26,700",North Bound: 13100 / South Bound: 13600,41.974889,-87.669587,"(41.974889°, -87.669587°)"
848,5434 West,Addison Ave,08/14/2006,"22,900",East Bound: 11600 / West Bound: 11300,41.94592,-87.763269,"(41.94592°, -87.763269°)"
244,223 West,18th Street,03/30/2006,"8,500",East Bound: 4300 / West Bound: 4200,41.85774,-87.632821,"(41.85774°, -87.632821°)"
569,6330 West,Touhy Ave,08/15/2006,"33,700",East Bound: 17100 / West Bound: 16600,42.011999,-87.785556,"(42.011999°, -87.785556°)"
159,9927 South,Longwood Dr,03/21/2006,"5,300",North Bound: 2700 / South Bound: 2600,41.713044,-87.668914,"(41.713044°, -87.668914°)"
406,1440 West,55th St,10/11/2006,"35,200",East Bound: 18500 / West Bound: 16700,41.794069,-87.662159,"(41.794069°, -87.662159°)"
913,3023 West,Addison Ave,08/14/2006,"29,800",East Bound: 15300 / West Bound: 14500,41.94665,-87.70393,"(41.94665°, -87.70393°)"
474,3933 West,63rd St,08/15/2006,"24,000",East Bound: 12100 / West Bound: 11900,41.778674,-87.721655,"(41.778674°, -87.721655°)"
308,1431 West,Pershing Rd,04/25/2006,"19,500",East Bound: 9500 / West Bound: 10000,41.823191,-87.662035,"(41.823191°, -87.662035°)"
152,1354 West,99th Street,03/21/2006,"12,800",East Bound: 4400 / West Bound: 8400,41.714033,-87.657301,"(41.714033°, -87.657301°)"
23,10101 South,Cottage Grove Ave,03/02/2006,"12,500",North Bound: 5800 / South Bound: 6700,41.710922,-87.60573,"(41.710922°, -87.60573°)"
"1,312",710 West,87th St,12/20/2006,"32,500",East Bound: 15800 / West Bound: 16700,41.736141,-87.642399,"(41.736141°, -87.642399°)"
"1,239",1321 West,Marquette Rd,10/11/2006,"15,400",East Bound: 7400 / West Bound: 8000,41.772283,-87.657646,"(41.772283°, -87.657646°)"
491,2307 West,Devon Ave,08/30/2006,"22,200",East Bound: 10200 / West Bound: 12000,41.997767,-87.687751,"(41.997767°, -87.687751°)"
304,840 East,Marquette Rd,04/27/2006,"14,200",East Bound: 7400 / West Bound: 6800,41.774978,-87.6042,"(41.774978°, -87.6042°)"
951,3723 North,Pulaski Rd,10/05/2006,"22,700",North Bound: 11100 / South Bound: 11600,41.94889,-87.727471,"(41.94889°, -87.727471°)"
815,2350 West,119th St,08/24/2006,"19,900",East Bound: 9300 / West Bound: 10600,41.677257,-87.680696,"(41.677257°, -87.680696°)"
257,256 East,35th St,03/29/2006,"10,200",East Bound: 4800 / West Bound: 5400,41.831081,-87.619334,"(41.831081°, -87.619334°)"
551,2825 West,31st St,09/14/2006,"17,700",East Bound: 8800 / West Bound: 8900,41.837394,-87.696,"(41.837394°, -87.696°)"
383,10250 South,Ewing Ave,10/18/2006,"6,800",North Bound: 4500 / South Bound: 2300,41.708489,-87.535287,"(41.708489°, -87.535287°)"
994,5816 North,Ridge Ave,10/17/2006,"43,100",North Bound: 20600 / South Bound: 22500,41.987636,-87.666618,"(41.987636°, -87.666618°)"
480,3142 West,16th St,09/14/2006,"2,900",East Bound: 1500 / West Bound: 1400,41.859094,-87.704686,"(41.859094°, -87.704686°)"
545,210 South,Kedzie Ave,10/09/2006,"15,500",North Bound: 7500 / South Bound: 8000,41.878056,-87.706035,"(41.878056°, -87.706035°)"
"1,332",299 North,La Salle St,09/21/2006,"26,900",North Bound: 13800 / South Bound: 13100,41.886928,-87.632484,"(41.886928°, -87.632484°)"
"1,302",9352 South,Dr Martin Luther King Jr Dr,08/31/2006,"20,000",North Bound: 10400 / South Bound: 9600,41.723931,-87.614195,"(41.723931°, -87.614195°)"
519,303 East,Chicago Ave,10/03/2006,"11,900",East Bound: 6800 / West Bound: 5100,41.896787,-87.620252,"(41.896787°, -87.620252°)"
166,120 East,63rd St,03/28/2006,"12,400",East Bound: 7800 / West Bound: 4600,41.780078,-87.621062,"(41.780078°, -87.621062°)"
325,77 East,Balbo Ave,04/26/2006,"10,500",East Bound: 4200 / West Bound: 6300,41.873149,-87.624836,"(41.873149°, -87.624836°)"
"1,372",2134 South,Ashland Ave,08/24/2006,"44,700",North Bound: 22400 / South Bound: 22300,41.853135,-87.666031,"(41.853135°, -87.666031°)"
377,5224 South,Woodlawn Ave,05/02/2006,"7,200",North Bound: 3500 / South Bound: 3700,41.800125,-87.596657,"(41.800125°, -87.596657°)"
"1,231",4432 South,Ashland Ave,10/11/2006,"39,400",North Bound: 21100 / South Bound: 18300,41.813049,-87.665083,"(41.813049°, -87.665083°)"
538,210 South,Des Plaines St,10/04/2006,"6,300",South Bound: 6300/ Oneway South Bound,41.878908,-87.644032,"(41.878908°, -87.644032°)"
"1,005",148 North,Austin Ave,10/26/2006,"31,500",North Bound: 16400 / South Bound: 15100,41.883496,-87.77476,"(41.883496°, -87.77476°)"
397,6559 South,Damen Ave,10/11/2006,"21,500",North Bound: 11600 / South Bound: 9900,41.773922,-87.673756,"(41.773922°, -87.673756°)"
75,9642 South,Michigan Ave,03/15/2006,"8,100",North Bound: 3600 / South Bound: 4500,41.718658,-87.620521,"(41.718658°, -87.620521°)"
67,5424 South,Lake Park Ave,03/08/2006,"18,200",North Bound: 8900 / South Bound: 9300,41.797367,-87.587322,"(41.797367°, -87.587322°)"
655,3647 North,Cicero Ave,10/11/2006,"38,500",North Bound: 20700 / South Bound: 17800,41.947548,-87.747128,"(41.947548°, -87.747128°)"
289,2235 West,Cermak Rd,03/30/2006,"13,700",East Bound: 7500 / West Bound: 6200,41.852078,-87.682174,"(41.852078°, -87.682174°)"
672,4050 North,Elston Ave,08/10/2006,"20,200",North Bound: 9300 / South Bound: 10900,41.954748,-87.720647,"(41.954748°, -87.720647°)"
529,446 West,119th St,08/29/2006,"11,500",East Bound: 6000 / West Bound: 5500,41.6779,-87.63412,"(41.6779°, -87.63412°)"
"1,047",344 West,63rd St,09/20/2006,"10,800",East Bound: 5100 / West Bound: 5700,41.779917,-87.634498,"(41.779917°, -87.634498°)"
870,6193 West,Devon Ave,08/15/2006,"33,300",East Bound: 16700 / West Bound: 16600,41.997401,-87.782852,"(41.997401°, -87.782852°)"
"1,071",613 North,Clark St,09/27/2006,"17,300",South Bound: 17300/ Oneway South Bound,41.892773,-87.631157,"(41.892773°, -87.631157°)"
946,3758 West,Montrose Ave,08/23/2006,"22,000",East Bound: 11600 / West Bound: 10400,41.961009,-87.722889,"(41.961009°, -87.722889°)"
847,1420 West,Madison St,10/12/2006,"12,400",East Bound: 5300 / West Bound: 7100,41.881522,-87.66285,"(41.881522°, -87.66285°)"
744,163 North,Dearborn St,09/26/2006,"14,100",North Bound: 14100 / / Oneway North Bound,41.884893,-87.629469,"(41.884893°, -87.629469°)"
976,1059 West,Foster Ave,08/24/2006,"24,200",East Bound: 10400 / West Bound: 13800,41.97636,-87.657362,"(41.97636°, -87.657362°)"
586,9401 South,Cottage Grove Ave,10/04/2006,"24,400",North Bound: 12600 / South Bound: 11800,41.724079,-87.604556,"(41.724079°, -87.604556°)"
142,5420 South,Western Blvd,03/23/2006,"20,100",North Bound: 10300 / South Bound: 9800,41.79459,-87.684058,"(41.79459°, -87.684058°)"
625,2032 North,Milwaukee Ave,10/23/2006,"14,600",North Bound: 7600 / South Bound: 7000,41.918295,-87.689798,"(41.918295°, -87.689798°)"
256,507 West,35th St,04/25/2006,"15,900",East Bound: 6500 / West Bound: 9400,41.830843,-87.639107,"(41.830843°, -87.639107°)"
126,9520 South,Vincennes Ave,03/21/2006,"12,500",North Bound: 6300 / South Bound: 6200,41.720798,-87.650838,"(41.720798°, -87.650838°)"
"1,244",6806 South,Racine Ave,10/11/2006,"14,300",North Bound: 7600 / South Bound: 6700,41.770301,-87.654254,"(41.770301°, -87.654254°)"
460,19 West,Jackson Blvd,09/28/2006,"10,100",East Bound: 10100 / / Oneway East Bound,41.878174,-87.628405,"(41.878174°, -87.628405°)"
"1,241",5632 South,Morgan St,10/11/2006,"4,500",North Bound: 2500 / South Bound: 2000,41.791415,-87.649947,"(41.791415°, -87.649947°)"
503,3116 West,Lake St,11/13/2006,"5,700",East Bound: 3000 / West Bound: 2700,41.884246,-87.704407,"(41.884246°, -87.704407°)"
"1,357",200 East,Jackson Dr,09/28/2006,"7,900",East Bound: 4000 / West Bound: 3900,41.87831,-87.622407,"(41.87831°, -87.622407°)"
945,2761 North,Milwaukee Ave,08/23/2006,"18,100",North Bound: 7900 / South Bound: 10200,41.931324,-87.711125,"(41.931324°, -87.711125°)"
292,234 West,Cermak Rd,05/09/2006,"16,700",East Bound: 6400 / West Bound: 10300,41.852859,-87.633451,"(41.852859°, -87.633451°)"
316,125 East,24th St,03/30/2006,700,East Bound: 400 / West Bound: 300,41.849302,-87.622658,"(41.849302°, -87.622658°)"
162,7206 South,Yates Blvd,03/28/2006,"12,500",North Bound: 6300 / South Bound: 6200,41.764222,-87.566483,"(41.764222°, -87.566483°)"
"1,227",1828 West,79th St,10/04/2006,"23,700",East Bound: 12700 / West Bound: 11000,41.750277,-87.669454,"(41.750277°, -87.669454°)"
174,1908 West,76th Street,03/28/2006,"8,000",East Bound: 3700 / West Bound: 4300,41.755721,-87.671249,"(41.755721°, -87.671249°)"
647,3280 North,Cumberland Ave,10/25/2006,"37,700",North Bound: 19200 / South Bound: 18500,41.939209,-87.836148,"(41.939209°, -87.836148°)"
"1,382",3260 North,Western Ave (frontage rd),10/24/2006,"9,900",North Bound: 5000 / South Bound: 4900,41.941149,-87.688219,"(41.941149°, -87.688219°)"
749,186 North,Des Plaines St,10/02/2006,"7,300",South Bound: 7300/ Oneway South Bound,41.885696,-87.644242,"(41.885696°, -87.644242°)"
"1,254",1669 East,51st St,09/20/2006,"4,400",East Bound: 1000 / West Bound: 3400,41.802583,-87.583711,"(41.802583°, -87.583711°)"
245,68 West,18th St,04/26/2006,"8,100",East Bound: 3900 / West Bound: 4200,41.857869,-87.624476,"(41.857869°, -87.624476°)"
